{
	"start":	{
		"connected":	[{
				"socket":	7,
				"local_host":	"2601:18f:800:29b3:1c70:1279:bb14:cd2f",
				"local_port":	63873,
				"remote_host":	"2001:470:0:236::2",
				"remote_port":	5201
			}],
		"version":	"iperf 3.19.1",
		"system_info":	"Darwin Kurts-MacBook-Pro.local 24.6.0 Darwin Kernel Version 24.6.0: Mon Jul 14 11:28:17 PDT 2025; root:xnu-11417.140.69~1/RELEASE_X86_64 x86_64",
		"timestamp":	{
			"time":	"Tue, 16 Sep 2025 00:25:15 UTC",
			"timesecs":	1757982315
		},
		"connecting_to":	{
			"host":	"iperf.he.net",
			"port":	5201
		},
		"cookie":	"as6avwf2wyfvvzwencsybyvalenfmcxawdpm",
		"tcp_mss_default":	1428,
		"target_bitrate":	0,
		"fq_rate":	0,
		"sock_bufsize":	0,
		"sndbuf_actual":	131072,
		"rcvbuf_actual":	131072,
		"test_start":	{
			"protocol":	"TCP",
			"num_streams":	1,
			"blksize":	131072,
			"omit":	0,
			"duration":	30,
			"bytes":	0,
			"blocks":	0,
			"reverse":	1,
			"tos":	0,
			"target_bitrate":	0,
			"bidir":	0,
			"fqrate":	0,
			"interval":	1
		}
	},
	"intervals":	[{
			"streams":	[{
					"socket":	7,
					"start":	0,
					"end":	1.005081,
					"seconds":	1.0050810575485229,
					"bytes":	11272192,
					"bits_per_second":	89721655.107052341,
					"omitted":	false,
					"sender":	false
				}],
			"sum":	{
				"start":	0,
				"end":	1.005081,
				"seconds":	1.0050810575485229,
				"bytes":	11272192,
				"bits_per_second":	89721655.107052341,
				"omitted":	false,
				"sender":	false
			}
		}, {
			"streams":	[{
					"socket":	7,
					"start":	1.005081,
					"end":	2.005082,
					"seconds":	1.0000009536743164,
					"bytes":	131072,
					"bits_per_second":	1048575.0000009537,
					"omitted":	false,
					"sender":	false
				}],
			"sum":	{
				"start":	1.005081,
				"end":	2.005082,
				"seconds":	1.0000009536743164,
				"bytes":	131072,
				"bits_per_second":	1048575.0000009537,
				"omitted":	false,
				"sender":	false
			}
		}, {
			"streams":	[{
					"socket":	7,
					"start":	2.005082,
					"end":	3.000423,
					"seconds":	0.99534100294113159,
					"bytes":	13238272,
					"bits_per_second":	106401902.149171,
					"omitted":	false,
					"sender":	false
				}],
			"sum":	{
				"start":	2.005082,
				"end":	3.000423,
				"seconds":	0.99534100294113159,
				"bytes":	13238272,
				"bits_per_second":	106401902.149171,
				"omitted":	false,
				"sender":	false
			}
		}, {
			"streams":	[{
					"socket":	7,
					"start":	3.000423,
					"end":	4.004908,
					"seconds":	1.004485011100769,
					"bytes":	19529728,
					"bits_per_second":	155540224.36709747,
					"omitted":	false,
					"sender":	false
				}],
			"sum":	{
				"start":	3.000423,
				"end":	4.004908,
				"seconds":	1.004485011100769,
				"bytes":	19529728,
				"bits_per_second":	155540224.36709747,
				"omitted":	false,
				"sender":	false
			}
		}, {
			"streams":	[{
					"socket":	7,
					"start":	4.004908,
					"end":	5.000876,
					"seconds":	0.995967984199524,
					"bytes":	21889024,
					"bits_per_second":	175821105.47533372,
					"omitted":	false,
					"sender":	false
				}],
			"sum":	{
				"start":	4.004908,
				"end":	5.000876,
				"seconds":	0.995967984199524,
				"bytes":	21889024,
				"bits_per_second":	175821105.47533372,
				"omitted":	false,
				"sender":	false
			}
		}, {
			"streams":	[{
					"socket":	7,
					"start":	5.000876,
					"end":	6.003811,
					"seconds":	1.00293505191803,
					"bytes":	23592960,
					"bits_per_second":	188191328.67980176,
					"omitted":	false,
					"sender":	false
				}],
			"sum":	{
				"start":	5.000876,
				"end":	6.003811,
				"seconds":	1.00293505191803,
				"bytes":	23592960,
				"bits_per_second":	188191328.67980176,
				"omitted":	false,
				"sender":	false
			}
		}, {
			"streams":	[{
					"socket":	7,
					"start":	6.003811,
					"end":	7.000534,
					"seconds":	0.9967229962348938,
					"bytes":	20054016,
					"bits_per_second":	160959593.19292316,
					"omitted":	false,
					"sender":	false
				}],
			"sum":	{
				"start":	6.003811,
				"end":	7.000534,
				"seconds":	0.9967229962348938,
				"bytes":	20054016,
				"bits_per_second":	160959593.19292316,
				"omitted":	false,
				"sender":	false
			}
		}, {
			"streams":	[{
					"socket":	7,
					"start":	7.000534,
					"end":	8.000499,
					"seconds":	0.999965012073517,
					"bytes":	24641536,
					"bits_per_second":	197139185.49132892,
					"omitted":	false,
					"sender":	false
				}],
			"sum":	{
				"start":	7.000534,
				"end":	8.000499,
				"seconds":	0.999965012073517,
				"bytes":	24641536,
				"bits_per_second":	197139185.49132892,
				"omitted":	false,
				"sender":	false
			}
		}, {
			"streams":	[{
					"socket":	7,
					"start":	8.000499,
					"end":	9.000265,
					"seconds":	0.99976599216461182,
					"bytes":	23461888,
					"bits_per_second":	187739036.40552711,
					"omitted":	false,
					"sender":	false
				}],
			"sum":	{
				"start":	8.000499,
				"end":	9.000265,
				"seconds":	0.99976599216461182,
				"bytes":	23461888,
				"bits_per_second":	187739036.40552711,
				"omitted":	false,
				"sender":	false
			}
		}, {
			"streams":	[{
					"socket":	7,
					"start":	9.000265,
					"end":	10.001043,
					"seconds":	1.0007779598236084,
					"bytes":	24117248,
					"bits_per_second":	192788002.67944169,
					"omitted":	false,
					"sender":	false
				}],
			"sum":	{
				"start":	9.000265,
				"end":	10.001043,
				"seconds":	1.0007779598236084,
				"bytes":	24117248,
				"bits_per_second":	192788002.67944169,
				"omitted":	false,
				"sender":	false
			}
		}, {
			"streams":	[{
					"socket":	7,
					"start":	10.001043,
					"end":	11.002043,
					"seconds":	1.0010000467300415,
					"bytes":	23461888,
					"bits_per_second":	187507587.65011254,
					"omitted":	false,
					"sender":	false
				}],
			"sum":	{
				"start":	10.001043,
				"end":	11.002043,
				"seconds":	1.0010000467300415,
				"bytes":	23461888,
				"bits_per_second":	187507587.65011254,
				"omitted":	false,
				"sender":	false
			}
		}, {
			"streams":	[{
					"socket":	7,
					"start":	11.002043,
					"end":	12.000116,
					"seconds":	0.99807298183441162,
					"bytes":	22413312,
					"bits_per_second":	179652689.99712127,
					"omitted":	false,
					"sender":	false
				}],
			"sum":	{
				"start":	11.002043,
				"end":	12.000116,
				"seconds":	0.99807298183441162,
				"bytes":	22413312,
				"bits_per_second":	179652689.99712127,
				"omitted":	false,
				"sender":	false
			}
		}, {
			"streams":	[{
					"socket":	7,
					"start":	12.000116,
					"end":	13.002236,
					"seconds":	1.0021200180053711,
					"bytes":	23199744,
					"bits_per_second":	185205313.40089971,
					"omitted":	false,
					"sender":	false
				}],
			"sum":	{
				"start":	12.000116,
				"end":	13.002236,
				"seconds":	1.0021200180053711,
				"bytes":	23199744,
				"bits_per_second":	185205313.40089971,
				"omitted":	false,
				"sender":	false
			}
		}, {
			"streams":	[{
					"socket":	7,
					"start":	13.002236,
					"end":	14.001625,
					"seconds":	0.99938899278640747,
					"bytes":	22544384,
					"bits_per_second":	180465337.62309113,
					"omitted":	false,
					"sender":	false
				}],
			"sum":	{
				"start":	13.002236,
				"end":	14.001625,
				"seconds":	0.99938899278640747,
				"bytes":	22544384,
				"bits_per_second":	180465337.62309113,
				"omitted":	false,
				"sender":	false
			}
		}, {
			"streams":	[{
					"socket":	7,
					"start":	14.001625,
					"end":	15.004398,
					"seconds":	1.00277304649353,
					"bytes":	27000832,
					"bits_per_second":	215409315.95172632,
					"omitted":	false,
					"sender":	false
				}],
			"sum":	{
				"start":	14.001625,
				"end":	15.004398,
				"seconds":	1.00277304649353,
				"bytes":	27000832,
				"bits_per_second":	215409315.95172632,
				"omitted":	false,
				"sender":	false
			}
		}, {
			"streams":	[{
					"socket":	7,
					"start":	15.004398,
					"end":	16.001786,
					"seconds":	0.99738800525665283,
					"bytes":	28311552,
					"bits_per_second":	227085562.29500458,
					"omitted":	false,
					"sender":	false
				}],