{
	"start":	{
		"connected":	[{
				"socket":	7,
				"local_host":	"2601:18f:800:29b3:1c70:1279:bb14:cd2f",
				"local_port":	63910,
				"remote_host":	"2001:470:0:236::2",
				"remote_port":	5201
			}],
		"version":	"iperf 3.19.1",
		"system_info":	"Darwin Kurts-MacBook-Pro.local 24.6.0 Darwin Kernel Version 24.6.0: Mon Jul 14 11:28:17 PDT 2025; root:xnu-11417.140.69~1/RELEASE_X86_64 x86_64",
		"timestamp":	{
			"time":	"Tue, 16 Sep 2025 00:25:49 UTC",
			"timesecs":	1757982349
		},
		"connecting_to":	{
			"host":	"iperf.he.net",
			"port":	5201
		},
		"cookie":	"txcg2jpjjikbnwzyst2qlnijz3dfxdn5nhnm",
		"tcp_mss_default":	1428,
		"target_bitrate":	0,
		"fq_rate":	0,
		"sock_bufsize":	0,
		"sndbuf_actual":	131072,
		"rcvbuf_actual":	131072,
		"test_start":	{
			"protocol":	"TCP",
			"num_streams":	1,
			"blksize":	131072,
			"omit":	0,
			"duration":	30,
			"bytes":	0,
			"blocks":	0,
			"reverse":	0,
			"tos":	0,
			"target_bitrate":	0,
			"bidir":	0,
			"fqrate":	0,
			"interval":	1
		}
	},
	"intervals":	[{
			"streams":	[{
					"socket":	7,
					"start":	0,
					"end":	1.004462,
					"seconds":	1.0044620037078857,
					"bytes":	3145728,
					"bits_per_second":	25054032.812692277,
					"omitted":	false,
					"sender":	true
				}],
			"sum":	{
				"start":	0,
				"end":	1.004462,
				"seconds":	1.0044620037078857,
				"bytes":	3145728,
				"bits_per_second":	25054032.812692277,
				"omitted":	false,
				"sender":	true
			}
		}, {
			"streams":	[{
					"socket":	7,
					"start":	1.004462,
					"end":	2.004425,
					"seconds":	0.99996298551559448,
					"bytes":	0,
					"bits_per_second":	0,
					"omitted":	false,
					"sender":	true
				}],
			"sum":	{
				"start":	1.004462,
				"end":	2.004425,
				"seconds":	0.99996298551559448,
				"bytes":	0,
				"bits_per_second":	0,
				"omitted":	false,
				"sender":	true
			}
		}, {
			"streams":	[{
					"socket":	7,
					"start":	2.004425,
					"end":	3.004339,
					"seconds":	0.999913990497589,
					"bytes":	262144,
					"bits_per_second":	2097332.3905152986,
					"omitted":	false,
					"sender":	true
				}],
			"sum":	{
				"start":	2.004425,
				"end":	3.004339,
				"seconds":	0.999913990497589,
				"bytes":	262144,
				"bits_per_second":	2097332.3905152986,
				"omitted":	false,
				"sender":	true
			}
		}, {
			"streams":	[{
					"socket":	7,
					"start":	3.004339,
					"end":	4.003892,
					"seconds":	0.99955302476882935,
					"bytes":	262144,
					"bits_per_second":	2098089.7941707661,
					"omitted":	false,
					"sender":	true
				}],
			"sum":	{
				"start":	3.004339,
				"end":	4.003892,
				"seconds":	0.99955302476882935,
				"bytes":	262144,
				"bits_per_second":	2098089.7941707661,
				"omitted":	false,
				"sender":	true
			}
		}, {
			"streams":	[{
					"socket":	7,
					"start":	4.003892,
					"end":	5.004184,
					"seconds":	1.00029194355011,
					"bytes":	393216,
					"bits_per_second":	3144809.8930354067,
					"omitted":	false,
					"sender":	true
				}],
			"sum":	{
				"start":	4.003892,
				"end":	5.004184,
				"seconds":	1.00029194355011,
				"bytes":	393216,
				"bits_per_second":	3144809.8930354067,
				"omitted":	false,
				"sender":	true
			}
		}, {
			"streams":	[{
					"socket":	7,
					"start":	5.004184,
					"end":	6.005077,
					"seconds":	1.0008929967880249,
					"bytes":	655360,
					"bits_per_second":	5238202.3021691386,
					"omitted":	false,
					"sender":	true
				}],
			"sum":	{
				"start":	5.004184,
				"end":	6.005077,
				"seconds":	1.0008929967880249,
				"bytes":	655360,
				"bits_per_second":	5238202.3021691386,
				"omitted":	false,
				"sender":	true
			}
		}, {
			"streams":	[{
					"socket":	7,
					"start":	6.005077,
					"end":	7.00378,
					"seconds":	0.9987030029296875,
					"bytes":	917504,
					"bits_per_second":	7349564.3634474641,
					"omitted":	false,
					"sender":	true
				}],
			"sum":	{
				"start":	6.005077,
				"end":	7.00378,
				"seconds":	0.9987030029296875,
				"bytes":	917504,
				"bits_per_second":	7349564.3634474641,
				"omitted":	false,
				"sender":	true
			}
		}, {
			"streams":	[{
					"socket":	7,
					"start":	7.00378,
					"end":	8.004361,
					"seconds":	1.0005810260772705,
					"bytes":	1048576,
					"bits_per_second":	8383736.8302766364,
					"omitted":	false,
					"sender":	true
				}],
			"sum":	{
				"start":	7.00378,
				"end":	8.004361,
				"seconds":	1.0005810260772705,
				"bytes":	1048576,
				"bits_per_second":	8383736.8302766364,
				"omitted":	false,
				"sender":	true
			}
		}, {
			"streams":	[{
					"socket":	7,
					"start":	8.004361,
					"end":	9.003724,
					"seconds":	0.9993630051612854,
					"bytes":	1703936,
					"bits_per_second":	13640176.722171178,
					"omitted":	false,
					"sender":	true
				}],
			"sum":	{
				"start":	8.004361,
				"end":	9.003724,
				"seconds":	0.9993630051612854,
				"bytes":	1703936,
				"bits_per_second":	13640176.722171178,
				"omitted":	false,
				"sender":	true
			}
		}, {
			"streams":	[{
					"socket":	7,
					"start":	9.003724,
					"end":	10.003136,
					"seconds":	0.99941200017929077,
					"bytes":	2621440,
					"bits_per_second":	20983858.505038749,
					"omitted":	false,
					"sender":	true
				}],
			"sum":	{
				"start":	9.003724,
				"end":	10.003136,
				"seconds":	0.99941200017929077,
				"bytes":	2621440,
				"bits_per_second":	20983858.505038749,
				"omitted":	false,
				"sender":	true
			}
		}, {
			"streams":	[{
					"socket":	7,
					"start":	10.003136,
					"end":	11.00221,
					"seconds":	0.99907398223876953,
					"bytes":	3932160,
					"bits_per_second":	31486436.999899771,
					"omitted":	false,
					"sender":	true
				}],
			"sum":	{
				"start":	10.003136,
				"end":	11.00221,
				"seconds":	0.99907398223876953,
				"bytes":	3932160,
				"bits_per_second":	31486436.999899771,
				"omitted":	false,
				"sender":	true
			}
		}, {
			"streams":	[{
					"socket":	7,
					"start":	11.00221,
					"end":	12.003982,
					"seconds":	1.0017720460891724,
					"bytes":	5242880,
					"bits_per_second":	41868846.474346973,
					"omitted":	false,
					"sender":	true
				}],
			"sum":	{
				"start":	11.00221,
				"end":	12.003982,
				"seconds":	1.0017720460891724,
				"bytes":	5242880,
				"bits_per_second":	41868846.474346973,
				"omitted":	false,
				"sender":	true
			}
		}, {
			"streams":	[{
					"socket":	7,
					"start":	12.003982,
					"end":	13.004566,
					"seconds":	1.0005840063095093,
					"bytes":	3932160,
					"bits_per_second":	31438919.472663809,
					"omitted":	false,
					"sender":	true
				}],
			"sum":	{
				"start":	12.003982,
				"end":	13.004566,
				"seconds":	1.0005840063095093,
				"bytes":	3932160,
				"bits_per_second":	31438919.472663809,
				"omitted":	false,
				"sender":	true
			}
		}, {
			"streams":	[{
					"socket":	7,
					"start":	13.004566,
					"end":	14.004384,
					"seconds":	0.99981802701950073,
					"bytes":	262144,
					"bits_per_second":	2097533.6944580781,
					"omitted":	false,
					"sender":	true
				}],
			"sum":	{
				"start":	13.004566,
				"end":	14.004384,
				"seconds":	0.99981802701950073,
				"bytes":	262144,
				"bits_per_second":	2097533.6944580781,
				"omitted":	false,
				"sender":	true
			}
		}, {
			"streams":	[{
					"socket":	7,
					"start":	14.004384,
					"end":	15.004905,
					"seconds":	1.0005209445953369,
					"bytes":	131072,
					"bits_per_second":	1048030.0344178192,
					"omitted":	false,
					"sender":	true
				}],
			"sum":	{
				"start":	14.004384,
				"end":	15.004905,
				"seconds":	1.0005209445953369,
				"bytes":	131072,
				"bits_per_second":	1048030.0344178192,
				"omitted":	false,
				"sender":	true
			}
		}, {
			"streams":	[{
					"socket":	7,
					"start":	15.004905,
					"end":	16.003386,
					"seconds":	0.99848097562789917,
					"bytes":	262144,
					"bits_per_second":	2100342.4714038209,
					"omitted":	false,
					"sender":	true
				}],
			"sum":	{
				"start":	15.004905,
				"end":	16.003386,
				"seconds":	0.99848097562789917,
				"bytes":	262144,