{
	"start":	{
		"connected":	[{
				"socket":	7,
				"local_host":	"2605:59c8:1c00:b275:d826:ce44:cfaf:6993",
				"local_port":	59977,
				"remote_host":	"2001:470:0:236::2",
				"remote_port":	5201
			}],
		"version":	"iperf 3.19.1",
		"system_info":	"Darwin Kurts-MacBook-Pro.local 24.6.0 Darwin Kernel Version 24.6.0: Mon Jul 14 11:28:17 PDT 2025; root:xnu-11417.140.69~1/RELEASE_X86_64 x86_64",
		"timestamp":	{
			"time":	"Fri, 05 Sep 2025 21:19:26 UTC",
			"timesecs":	1757107166
		},
		"connecting_to":	{
			"host":	"iperf.he.net",
			"port":	5201
		},
		"cookie":	"2fpzj5sgcp5znewf6hwyxpdkqvolj5sc63il",
		"tcp_mss_default":	1428,
		"target_bitrate":	0,
		"fq_rate":	0,
		"sock_bufsize":	0,
		"sndbuf_actual":	131072,
		"rcvbuf_actual":	131072,
		"test_start":	{
			"protocol":	"TCP",
			"num_streams":	1,
			"blksize":	131072,
			"omit":	0,
			"duration":	30,
			"bytes":	0,
			"blocks":	0,
			"reverse":	1,
			"tos":	0,
			"target_bitrate":	0,
			"bidir":	0,
			"fqrate":	0,
			"interval":	1
		}
	},
	"intervals":	[{
			"streams":	[{
					"socket":	7,
					"start":	0,
					"end":	1.000396,
					"seconds":	1.0003960132598877,
					"bytes":	1572864,
					"bits_per_second":	12577930.972552916,
					"omitted":	false,
					"sender":	false
				}],
			"sum":	{
				"start":	0,
				"end":	1.000396,
				"seconds":	1.0003960132598877,
				"bytes":	1572864,
				"bits_per_second":	12577930.972552916,
				"omitted":	false,
				"sender":	false
			}
		}, {
			"streams":	[{
					"socket":	7,
					"start":	1.000396,
					"end":	2.000355,
					"seconds":	0.99995899200439453,
					"bytes":	2228224,
					"bits_per_second":	17826523.029978074,
					"omitted":	false,
					"sender":	false
				}],
			"sum":	{
				"start":	1.000396,
				"end":	2.000355,
				"seconds":	0.99995899200439453,
				"bytes":	2228224,
				"bits_per_second":	17826523.029978074,
				"omitted":	false,
				"sender":	false
			}
		}, {
			"streams":	[{
					"socket":	7,
					"start":	2.000355,
					"end":	3.000237,
					"seconds":	0.99988198280334473,
					"bytes":	1703936,
					"bits_per_second":	13633096.939882575,
					"omitted":	false,
					"sender":	false
				}],
			"sum":	{
				"start":	2.000355,
				"end":	3.000237,
				"seconds":	0.99988198280334473,
				"bytes":	1703936,
				"bits_per_second":	13633096.939882575,
				"omitted":	false,
				"sender":	false
			}
		}, {
			"streams":	[{
					"socket":	7,
					"start":	3.000237,
					"end":	4.000113,
					"seconds":	0.99987602233886719,
					"bytes":	1966080,
					"bits_per_second":	15730590.241786415,
					"omitted":	false,
					"sender":	false
				}],
			"sum":	{
				"start":	3.000237,
				"end":	4.000113,
				"seconds":	0.99987602233886719,
				"bytes":	1966080,
				"bits_per_second":	15730590.241786415,
				"omitted":	false,
				"sender":	false
			}
		}, {
			"streams":	[{
					"socket":	7,
					"start":	4.000113,
					"end":	5.000366,
					"seconds":	1.0002529621124268,
					"bytes":	1703936,
					"bits_per_second":	13628040.622056007,
					"omitted":	false,
					"sender":	false
				}],
			"sum":	{
				"start":	4.000113,
				"end":	5.000366,
				"seconds":	1.0002529621124268,
				"bytes":	1703936,
				"bits_per_second":	13628040.622056007,
				"omitted":	false,
				"sender":	false
			}
		}, {
			"streams":	[{
					"socket":	7,
					"start":	5.000366,
					"end":	6.002563,
					"seconds":	1.0021970272064209,
					"bytes":	2097152,
					"bits_per_second":	16740436.804892281,
					"omitted":	false,
					"sender":	false
				}],
			"sum":	{
				"start":	5.000366,
				"end":	6.002563,
				"seconds":	1.0021970272064209,
				"bytes":	2097152,
				"bits_per_second":	16740436.804892281,
				"omitted":	false,
				"sender":	false
			}
		}, {
			"streams":	[{
					"socket":	7,
					"start":	6.002563,
					"end":	7.000094,
					"seconds":	0.997530996799469,
					"bytes":	2228224,
					"bits_per_second":	17869912.872074362,
					"omitted":	false,
					"sender":	false
				}],
			"sum":	{
				"start":	6.002563,
				"end":	7.000094,
				"seconds":	0.997530996799469,
				"bytes":	2228224,
				"bits_per_second":	17869912.872074362,
				"omitted":	false,
				"sender":	false
			}
		}, {
			"streams":	[{
					"socket":	7,
					"start":	7.000094,
					"end":	8.003675,
					"seconds":	1.0035810470581055,
					"bytes":	1703936,
					"bits_per_second":	13582847.185047289,
					"omitted":	false,
					"sender":	false
				}],
			"sum":	{
				"start":	7.000094,
				"end":	8.003675,
				"seconds":	1.0035810470581055,
				"bytes":	1703936,
				"bits_per_second":	13582847.185047289,
				"omitted":	false,
				"sender":	false
			}
		}, {
			"streams":	[{
					"socket":	7,
					"start":	8.003675,
					"end":	9.000299,
					"seconds":	0.996623992919922,
					"bytes":	1179648,
					"bits_per_second":	9469151.92393755,
					"omitted":	false,
					"sender":	false
				}],
			"sum":	{
				"start":	8.003675,
				"end":	9.000299,
				"seconds":	0.996623992919922,
				"bytes":	1179648,
				"bits_per_second":	9469151.92393755,
				"omitted":	false,
				"sender":	false
			}
		}, {
			"streams":	[{
					"socket":	7,
					"start":	9.000299,
					"end":	10.003931,
					"seconds":	1.0036319494247437,
					"bytes":	1441792,
					"bits_per_second":	11492595.47447766,
					"omitted":	false,
					"sender":	false
				}],
			"sum":	{
				"start":	9.000299,
				"end":	10.003931,
				"seconds":	1.0036319494247437,
				"bytes":	1441792,
				"bits_per_second":	11492595.47447766,
				"omitted":	false,
				"sender":	false
			}
		}, {
			"streams":	[{
					"socket":	7,
					"start":	10.003931,
					"end":	11.000197,
					"seconds":	0.996266007423401,
					"bytes":	1441792,
					"bits_per_second":	11577566.54754361,
					"omitted":	false,
					"sender":	false
				}],
			"sum":	{
				"start":	10.003931,
				"end":	11.000197,
				"seconds":	0.996266007423401,
				"bytes":	1441792,
				"bits_per_second":	11577566.54754361,
				"omitted":	false,
				"sender":	false
			}
		}, {
			"streams":	[{
					"socket":	7,
					"start":	11.000197,
					"end":	12.000302,
					"seconds":	1.0001050233840942,
					"bytes":	1048576,
					"bits_per_second":	8387727.0925158849,
					"omitted":	false,
					"sender":	false
				}],
			"sum":	{
				"start":	11.000197,
				"end":	12.000302,
				"seconds":	1.0001050233840942,
				"bytes":	1048576,
				"bits_per_second":	8387727.0925158849,
				"omitted":	false,
				"sender":	false
			}
		}, {
			"streams":	[{
					"socket":	7,
					"start":	12.000302,
					"end":	13.000354,
					"seconds":	1.0000519752502441,
					"bytes":	1441792,
					"bits_per_second":	11533736.531157544,
					"omitted":	false,
					"sender":	false
				}],
			"sum":	{
				"start":	12.000302,
				"end":	13.000354,
				"seconds":	1.0000519752502441,
				"bytes":	1441792,
				"bits_per_second":	11533736.531157544,
				"omitted":	false,
				"sender":	false
			}
		}, {
			"streams":	[{
					"socket":	7,
					"start":	13.000354,
					"end":	14.002223,
					"seconds":	1.0018689632415771,
					"bytes":	1835008,
					"bits_per_second":	14652678.682152417,
					"omitted":	false,
					"sender":	false
				}],
			"sum":	{
				"start":	13.000354,
				"end":	14.002223,
				"seconds":	1.0018689632415771,
				"bytes":	1835008,
				"bits_per_second":	14652678.682152417,
				"omitted":	false,
				"sender":	false
			}
		}, {
			"streams":	[{
					"socket":	7,
					"start":	14.002223,
					"end":	15.00025,
					"seconds":	0.99802702665328979,
					"bytes":	2097152,
					"bits_per_second":	16810382.436495211,
					"omitted":	false,
					"sender":	false
				}],
			"sum":	{
				"start":	14.002223,
				"end":	15.00025,
				"seconds":	0.99802702665328979,
				"bytes":	2097152,
				"bits_per_second":	16810382.436495211,
				"omitted":	false,
				"sender":	false
			}
		}, {
			"streams":	[{
					"socket":	7,
					"start":	15.00025,
					"end":	16.001108,
					"seconds":	1.000857949256897,
					"bytes":	1179648,
					"bits_per_second":	9429094.31553877,
					"omitted":	false,
					"sender":	false
				}],
			"sum":	{
				"start":	15.00025,