{
	"start":	{
		"connected":	[{
				"socket":	7,
				"local_host":	"2605:59c8:1c00:b275:1c11:a0d8:609f:f1f1",
				"local_port":	58679,
				"remote_host":	"2001:470:0:236::2",
				"remote_port":	5201
			}],
		"version":	"iperf 3.19.1",
		"system_info":	"Darwin Kurts-MacBook-Pro.local 24.6.0 Darwin Kernel Version 24.6.0: Mon Jul 14 11:28:17 PDT 2025; root:xnu-11417.140.69~1/RELEASE_X86_64 x86_64",
		"timestamp":	{
			"time":	"Fri, 05 Sep 2025 19:56:35 UTC",
			"timesecs":	1757102195
		},
		"connecting_to":	{
			"host":	"iperf.he.net",
			"port":	5201
		},
		"cookie":	"e3bpy77ddrmjt42dyyr6d4o4jp3vet6lptc2",
		"tcp_mss_default":	1428,
		"target_bitrate":	0,
		"fq_rate":	0,
		"sock_bufsize":	0,
		"sndbuf_actual":	131072,
		"rcvbuf_actual":	131072,
		"test_start":	{
			"protocol":	"TCP",
			"num_streams":	1,
			"blksize":	131072,
			"omit":	0,
			"duration":	30,
			"bytes":	0,
			"blocks":	0,
			"reverse":	1,
			"tos":	0,
			"target_bitrate":	0,
			"bidir":	0,
			"fqrate":	0,
			"interval":	1
		}
	},
	"intervals":	[{
			"streams":	[{
					"socket":	7,
					"start":	0,
					"end":	1.002382,
					"seconds":	1.0023820400238037,
					"bytes":	5373952,
					"bits_per_second":	42889451.60966678,
					"omitted":	false,
					"sender":	false
				}],
			"sum":	{
				"start":	0,
				"end":	1.002382,
				"seconds":	1.0023820400238037,
				"bytes":	5373952,
				"bits_per_second":	42889451.60966678,
				"omitted":	false,
				"sender":	false
			}
		}, {
			"streams":	[{
					"socket":	7,
					"start":	1.002382,
					"end":	2.003015,
					"seconds":	1.0006330013275146,
					"bytes":	7733248,
					"bits_per_second":	61826847.523441613,
					"omitted":	false,
					"sender":	false
				}],
			"sum":	{
				"start":	1.002382,
				"end":	2.003015,
				"seconds":	1.0006330013275146,
				"bytes":	7733248,
				"bits_per_second":	61826847.523441613,
				"omitted":	false,
				"sender":	false
			}
		}, {
			"streams":	[{
					"socket":	7,
					"start":	2.003015,
					"end":	3.001683,
					"seconds":	0.99866801500320435,
					"bytes":	6684672,
					"bits_per_second":	53548702.067752123,
					"omitted":	false,
					"sender":	false
				}],
			"sum":	{
				"start":	2.003015,
				"end":	3.001683,
				"seconds":	0.99866801500320435,
				"bytes":	6684672,
				"bits_per_second":	53548702.067752123,
				"omitted":	false,
				"sender":	false
			}
		}, {
			"streams":	[{
					"socket":	7,
					"start":	3.001683,
					"end":	4.004007,
					"seconds":	1.0023239850997925,
					"bytes":	5373952,
					"bits_per_second":	42891935.780345224,
					"omitted":	false,
					"sender":	false
				}],
			"sum":	{
				"start":	3.001683,
				"end":	4.004007,
				"seconds":	1.0023239850997925,
				"bytes":	5373952,
				"bits_per_second":	42891935.780345224,
				"omitted":	false,
				"sender":	false
			}
		}, {
			"streams":	[{
					"socket":	7,
					"start":	4.004007,
					"end":	5.001851,
					"seconds":	0.99784398078918457,
					"bytes":	3932160,
					"bits_per_second":	31525249.0425615,
					"omitted":	false,
					"sender":	false
				}],
			"sum":	{
				"start":	4.004007,
				"end":	5.001851,
				"seconds":	0.99784398078918457,
				"bytes":	3932160,
				"bits_per_second":	31525249.0425615,
				"omitted":	false,
				"sender":	false
			}
		}, {
			"streams":	[{
					"socket":	7,
					"start":	5.001851,
					"end":	6.002714,
					"seconds":	1.0008629560470581,
					"bytes":	3801088,
					"bits_per_second":	30382485.250628315,
					"omitted":	false,
					"sender":	false
				}],
			"sum":	{
				"start":	5.001851,
				"end":	6.002714,
				"seconds":	1.0008629560470581,
				"bytes":	3801088,
				"bits_per_second":	30382485.250628315,
				"omitted":	false,
				"sender":	false
			}
		}, {
			"streams":	[{
					"socket":	7,
					"start":	6.002714,
					"end":	7.002863,
					"seconds":	1.0001490116119385,
					"bytes":	2621440,
					"bits_per_second":	20968395.465591908,
					"omitted":	false,
					"sender":	false
				}],
			"sum":	{
				"start":	6.002714,
				"end":	7.002863,
				"seconds":	1.0001490116119385,
				"bytes":	2621440,
				"bits_per_second":	20968395.465591908,
				"omitted":	false,
				"sender":	false
			}
		}, {
			"streams":	[{
					"socket":	7,
					"start":	7.002863,
					"end":	8.001815,
					"seconds":	0.99895197153091431,
					"bytes":	3145728,
					"bits_per_second":	25192226.170226041,
					"omitted":	false,
					"sender":	false
				}],
			"sum":	{
				"start":	7.002863,
				"end":	8.001815,
				"seconds":	0.99895197153091431,
				"bytes":	3145728,
				"bits_per_second":	25192226.170226041,
				"omitted":	false,
				"sender":	false
			}
		}, {
			"streams":	[{
					"socket":	7,
					"start":	8.001815,
					"end":	9.004475,
					"seconds":	1.0026600360870361,
					"bytes":	3276800,
					"bits_per_second":	26144853.745546564,
					"omitted":	false,
					"sender":	false
				}],
			"sum":	{
				"start":	8.001815,
				"end":	9.004475,
				"seconds":	1.0026600360870361,
				"bytes":	3276800,
				"bits_per_second":	26144853.745546564,
				"omitted":	false,
				"sender":	false
			}
		}, {
			"streams":	[{
					"socket":	7,
					"start":	9.004475,
					"end":	10.002806,
					"seconds":	0.99833101034164429,
					"bytes":	3145728,
					"bits_per_second":	25207895.717261016,
					"omitted":	false,
					"sender":	false
				}],
			"sum":	{
				"start":	9.004475,
				"end":	10.002806,
				"seconds":	0.99833101034164429,
				"bytes":	3145728,
				"bits_per_second":	25207895.717261016,
				"omitted":	false,
				"sender":	false
			}
		}, {
			"streams":	[{
					"socket":	7,
					"start":	10.002806,
					"end":	11.002877,
					"seconds":	1.0000710487365723,
					"bytes":	3276800,
					"bits_per_second":	26212537.632318869,
					"omitted":	false,
					"sender":	false
				}],
			"sum":	{
				"start":	10.002806,
				"end":	11.002877,
				"seconds":	1.0000710487365723,
				"bytes":	3276800,
				"bits_per_second":	26212537.632318869,
				"omitted":	false,
				"sender":	false
			}
		}, {
			"streams":	[{
					"socket":	7,
					"start":	11.002877,
					"end":	12.002098,
					"seconds":	0.99922102689743042,
					"bytes":	3538944,
					"bits_per_second":	28333623.130316861,
					"omitted":	false,
					"sender":	false
				}],
			"sum":	{
				"start":	11.002877,
				"end":	12.002098,
				"seconds":	0.99922102689743042,
				"bytes":	3538944,
				"bits_per_second":	28333623.130316861,
				"omitted":	false,
				"sender":	false
			}
		}, {
			"streams":	[{
					"socket":	7,
					"start":	12.002098,
					"end":	13.003574,
					"seconds":	1.0014760494232178,
					"bytes":	3276800,
					"bits_per_second":	26175763.2797087,
					"omitted":	false,
					"sender":	false
				}],
			"sum":	{
				"start":	12.002098,
				"end":	13.003574,
				"seconds":	1.0014760494232178,
				"bytes":	3276800,
				"bits_per_second":	26175763.2797087,
				"omitted":	false,
				"sender":	false
			}
		}, {
			"streams":	[{
					"socket":	7,
					"start":	13.003574,
					"end":	14.001778,
					"seconds":	0.998203992843628,
					"bytes":	3407872,
					"bits_per_second":	27312028.598818518,
					"omitted":	false,
					"sender":	false
				}],
			"sum":	{
				"start":	13.003574,
				"end":	14.001778,
				"seconds":	0.998203992843628,
				"bytes":	3407872,
				"bits_per_second":	27312028.598818518,
				"omitted":	false,
				"sender":	false
			}
		}, {
			"streams":	[{
					"socket":	7,
					"start":	14.001778,
					"end":	15.001755,
					"seconds":	0.9999769926071167,
					"bytes":	3538944,
					"bits_per_second":	28312203.389986787,
					"omitted":	false,
					"sender":	false
				}],
			"sum":	{
				"start":	14.001778,
				"end":	15.001755,
				"seconds":	0.9999769926071167,
				"bytes":	3538944,
				"bits_per_second":	28312203.389986787,
				"omitted":	false,
				"sender":	false
			}
		}, {
			"streams":	[{
					"socket":	7,
					"start":	15.001755,
					"end":	16.003748,
					"seconds":	1.00199294090271,
					"bytes":	3538944,
					"bits_per_second":	28255240.9745459,
					"omitted":	false,
					"sender":	false
				}],
			"sum":	{
				"start":	15.001755,