{
	"start":	{
		"connected":	[{
				"socket":	7,
				"local_host":	"2605:59c8:1c00:b275:d826:ce44:cfaf:6993",
				"local_port":	60684,
				"remote_host":	"2001:470:0:236::2",
				"remote_port":	5201
			}],
		"version":	"iperf 3.19.1",
		"system_info":	"Darwin Kurts-MacBook-Pro.local 24.6.0 Darwin Kernel Version 24.6.0: Mon Jul 14 11:28:17 PDT 2025; root:xnu-11417.140.69~1/RELEASE_X86_64 x86_64",
		"timestamp":	{
			"time":	"Fri, 05 Sep 2025 22:06:30 UTC",
			"timesecs":	1757109990
		},
		"connecting_to":	{
			"host":	"iperf.he.net",
			"port":	5201
		},
		"cookie":	"jhkapegkd23megkrk2vul6f24kzywahlrqdl",
		"tcp_mss_default":	1428,
		"target_bitrate":	0,
		"fq_rate":	0,
		"sock_bufsize":	0,
		"sndbuf_actual":	131072,
		"rcvbuf_actual":	131072,
		"test_start":	{
			"protocol":	"TCP",
			"num_streams":	1,
			"blksize":	131072,
			"omit":	0,
			"duration":	30,
			"bytes":	0,
			"blocks":	0,
			"reverse":	1,
			"tos":	0,
			"target_bitrate":	0,
			"bidir":	0,
			"fqrate":	0,
			"interval":	1
		}
	},
	"intervals":	[{
			"streams":	[{
					"socket":	7,
					"start":	0,
					"end":	1.000192,
					"seconds":	1.0001920461654663,
					"bytes":	1835008,
					"bits_per_second":	14677245.291322194,
					"omitted":	false,
					"sender":	false
				}],
			"sum":	{
				"start":	0,
				"end":	1.000192,
				"seconds":	1.0001920461654663,
				"bytes":	1835008,
				"bits_per_second":	14677245.291322194,
				"omitted":	false,
				"sender":	false
			}
		}, {
			"streams":	[{
					"socket":	7,
					"start":	1.000192,
					"end":	2.00295,
					"seconds":	1.0027580261230469,
					"bytes":	1966080,
					"bits_per_second":	15685379.314101808,
					"omitted":	false,
					"sender":	false
				}],
			"sum":	{
				"start":	1.000192,
				"end":	2.00295,
				"seconds":	1.0027580261230469,
				"bytes":	1966080,
				"bits_per_second":	15685379.314101808,
				"omitted":	false,
				"sender":	false
			}
		}, {
			"streams":	[{
					"socket":	7,
					"start":	2.00295,
					"end":	3.003215,
					"seconds":	1.0002650022506714,
					"bytes":	1835008,
					"bits_per_second":	14676174.78065188,
					"omitted":	false,
					"sender":	false
				}],
			"sum":	{
				"start":	2.00295,
				"end":	3.003215,
				"seconds":	1.0002650022506714,
				"bytes":	1835008,
				"bits_per_second":	14676174.78065188,
				"omitted":	false,
				"sender":	false
			}
		}, {
			"streams":	[{
					"socket":	7,
					"start":	3.003215,
					"end":	4.002299,
					"seconds":	0.9990839958190918,
					"bytes":	1572864,
					"bits_per_second":	12594448.567544105,
					"omitted":	false,
					"sender":	false
				}],
			"sum":	{
				"start":	3.003215,
				"end":	4.002299,
				"seconds":	0.9990839958190918,
				"bytes":	1572864,
				"bits_per_second":	12594448.567544105,
				"omitted":	false,
				"sender":	false
			}
		}, {
			"streams":	[{
					"socket":	7,
					"start":	4.002299,
					"end":	5.003372,
					"seconds":	1.0010730028152466,
					"bytes":	2097152,
					"bits_per_second":	16759233.295492562,
					"omitted":	false,
					"sender":	false
				}],
			"sum":	{
				"start":	4.002299,
				"end":	5.003372,
				"seconds":	1.0010730028152466,
				"bytes":	2097152,
				"bits_per_second":	16759233.295492562,
				"omitted":	false,
				"sender":	false
			}
		}, {
			"streams":	[{
					"socket":	7,
					"start":	5.003372,
					"end":	6.002493,
					"seconds":	0.99912101030349731,
					"bytes":	2097152,
					"bits_per_second":	16791975.973864947,
					"omitted":	false,
					"sender":	false
				}],
			"sum":	{
				"start":	5.003372,
				"end":	6.002493,
				"seconds":	0.99912101030349731,
				"bytes":	2097152,
				"bits_per_second":	16791975.973864947,
				"omitted":	false,
				"sender":	false
			}
		}, {
			"streams":	[{
					"socket":	7,
					"start":	6.002493,
					"end":	7.003234,
					"seconds":	1.0007410049438477,
					"bytes":	1703936,
					"bits_per_second":	13621394.479348704,
					"omitted":	false,
					"sender":	false
				}],
			"sum":	{
				"start":	6.002493,
				"end":	7.003234,
				"seconds":	1.0007410049438477,
				"bytes":	1703936,
				"bits_per_second":	13621394.479348704,
				"omitted":	false,
				"sender":	false
			}
		}, {
			"streams":	[{
					"socket":	7,
					"start":	7.003234,
					"end":	8.000169,
					"seconds":	0.99693500995636,
					"bytes":	1572864,
					"bits_per_second":	12621597.069352403,
					"omitted":	false,
					"sender":	false
				}],
			"sum":	{
				"start":	7.003234,
				"end":	8.000169,
				"seconds":	0.99693500995636,
				"bytes":	1572864,
				"bits_per_second":	12621597.069352403,
				"omitted":	false,
				"sender":	false
			}
		}, {
			"streams":	[{
					"socket":	7,
					"start":	8.000169,
					"end":	9.004564,
					"seconds":	1.0043950080871582,
					"bytes":	1441792,
					"bits_per_second":	11483864.323426712,
					"omitted":	false,
					"sender":	false
				}],
			"sum":	{
				"start":	8.000169,
				"end":	9.004564,
				"seconds":	1.0043950080871582,
				"bytes":	1441792,
				"bits_per_second":	11483864.323426712,
				"omitted":	false,
				"sender":	false
			}
		}, {
			"streams":	[{
					"socket":	7,
					"start":	9.004564,
					"end":	10.003473,
					"seconds":	0.99890899658203125,
					"bytes":	655360,
					"bits_per_second":	5248606.2473554369,
					"omitted":	false,
					"sender":	false
				}],
			"sum":	{
				"start":	9.004564,
				"end":	10.003473,
				"seconds":	0.99890899658203125,
				"bytes":	655360,
				"bits_per_second":	5248606.2473554369,
				"omitted":	false,
				"sender":	false
			}
		}, {
			"streams":	[{
					"socket":	7,
					"start":	10.003473,
					"end":	11.003535,
					"seconds":	1.0000619888305664,
					"bytes":	1179648,
					"bits_per_second":	9436599.03626122,
					"omitted":	false,
					"sender":	false
				}],
			"sum":	{
				"start":	10.003473,
				"end":	11.003535,
				"seconds":	1.0000619888305664,
				"bytes":	1179648,
				"bits_per_second":	9436599.03626122,
				"omitted":	false,
				"sender":	false
			}
		}, {
			"streams":	[{
					"socket":	7,
					"start":	11.003535,
					"end":	12.00729,
					"seconds":	1.00375497341156,
					"bytes":	393216,
					"bits_per_second":	3133960.063289457,
					"omitted":	false,
					"sender":	false
				}],
			"sum":	{
				"start":	11.003535,
				"end":	12.00729,
				"seconds":	1.00375497341156,
				"bytes":	393216,
				"bits_per_second":	3133960.063289457,
				"omitted":	false,
				"sender":	false
			}
		}, {
			"streams":	[{
					"socket":	7,
					"start":	12.00729,
					"end":	13.001645,
					"seconds":	0.994355022907257,
					"bytes":	0,
					"bits_per_second":	0,
					"omitted":	false,
					"sender":	false
				}],
			"sum":	{
				"start":	12.00729,
				"end":	13.001645,
				"seconds":	0.994355022907257,
				"bytes":	0,
				"bits_per_second":	0,
				"omitted":	false,
				"sender":	false
			}
		}, {
			"streams":	[{
					"socket":	7,
					"start":	13.001645,
					"end":	14.003529,
					"seconds":	1.0018839836120605,
					"bytes":	0,
					"bits_per_second":	0,
					"omitted":	false,
					"sender":	false
				}],
			"sum":	{
				"start":	13.001645,
				"end":	14.003529,
				"seconds":	1.0018839836120605,
				"bytes":	0,
				"bits_per_second":	0,
				"omitted":	false,
				"sender":	false
			}
		}, {
			"streams":	[{
					"socket":	7,
					"start":	14.003529,
					"end":	15.003557,
					"seconds":	1.0000280141830444,
					"bytes":	0,
					"bits_per_second":	0,
					"omitted":	false,
					"sender":	false
				}],
			"sum":	{
				"start":	14.003529,
				"end":	15.003557,
				"seconds":	1.0000280141830444,
				"bytes":	0,
				"bits_per_second":	0,
				"omitted":	false,
				"sender":	false
			}
		}, {
			"streams":	[{
					"socket":	7,
					"start":	15.003557,
					"end":	16.003664,
					"seconds":	1.0001070499420166,
					"bytes":	0,
					"bits_per_second":	0,
					"omitted":	false,
					"sender":	false
				}],
			"sum":	{
				"start":	15.003557,
				"end":	16.003664,
				"seconds":	1.0001070499420166,
				"bytes":	0,
				"bits_per_second":	0,
				"omitted":	false,
				"sender":	false
			}
		}, {
			"streams":	[{
					"socket":	7,