{
	"start":	{
		"connected":	[{
				"socket":	7,
				"local_host":	"2601:18f:800:29b3:94ab:5d9a:71f3:f512",
				"local_port":	51295,
				"remote_host":	"2001:470:0:236::2",
				"remote_port":	5201
			}],
		"version":	"iperf 3.19.1",
		"system_info":	"Darwin Kurts-MacBook-Pro.local 24.6.0 Darwin Kernel Version 24.6.0: Mon Jul 14 11:28:17 PDT 2025; root:xnu-11417.140.69~1/RELEASE_X86_64 x86_64",
		"timestamp":	{
			"time":	"Tue, 16 Sep 2025 01:22:05 UTC",
			"timesecs":	1757985725
		},
		"connecting_to":	{
			"host":	"iperf.he.net",
			"port":	5201
		},
		"cookie":	"wrguz5mymtbwklq5xyul7d5a6vrhokwqn7dr",
		"tcp_mss_default":	1428,
		"target_bitrate":	0,
		"fq_rate":	0,
		"sock_bufsize":	0,
		"sndbuf_actual":	131072,
		"rcvbuf_actual":	131072,
		"test_start":	{
			"protocol":	"TCP",
			"num_streams":	1,
			"blksize":	131072,
			"omit":	0,
			"duration":	30,
			"bytes":	0,
			"blocks":	0,
			"reverse":	0,
			"tos":	0,
			"target_bitrate":	0,
			"bidir":	0,
			"fqrate":	0,
			"interval":	1
		}
	},
	"intervals":	[{
			"streams":	[{
					"socket":	7,
					"start":	0,
					"end":	1.002743,
					"seconds":	1.0027430057525635,
					"bytes":	2621440,
					"bits_per_second":	20914152.359767169,
					"omitted":	false,
					"sender":	true
				}],
			"sum":	{
				"start":	0,
				"end":	1.002743,
				"seconds":	1.0027430057525635,
				"bytes":	2621440,
				"bits_per_second":	20914152.359767169,
				"omitted":	false,
				"sender":	true
			}
		}, {
			"streams":	[{
					"socket":	7,
					"start":	1.002743,
					"end":	2.000032,
					"seconds":	0.997289001941681,
					"bytes":	3538944,
					"bits_per_second":	28388513.204175085,
					"omitted":	false,
					"sender":	true
				}],
			"sum":	{
				"start":	1.002743,
				"end":	2.000032,
				"seconds":	0.997289001941681,
				"bytes":	3538944,
				"bits_per_second":	28388513.204175085,
				"omitted":	false,
				"sender":	true
			}
		}, {
			"streams":	[{
					"socket":	7,
					"start":	2.000032,
					"end":	3.000047,
					"seconds":	1.0000150203704834,
					"bytes":	3014656,
					"bits_per_second":	24116885.755441047,
					"omitted":	false,
					"sender":	true
				}],
			"sum":	{
				"start":	2.000032,
				"end":	3.000047,
				"seconds":	1.0000150203704834,
				"bytes":	3014656,
				"bits_per_second":	24116885.755441047,
				"omitted":	false,
				"sender":	true
			}
		}, {
			"streams":	[{
					"socket":	7,
					"start":	3.000047,
					"end":	4.003442,
					"seconds":	1.0033949613571167,
					"bytes":	0,
					"bits_per_second":	0,
					"omitted":	false,
					"sender":	true
				}],
			"sum":	{
				"start":	3.000047,
				"end":	4.003442,
				"seconds":	1.0033949613571167,
				"bytes":	0,
				"bits_per_second":	0,
				"omitted":	false,
				"sender":	true
			}
		}, {
			"streams":	[{
					"socket":	7,
					"start":	4.003442,
					"end":	5.002542,
					"seconds":	0.99910002946853638,
					"bytes":	0,
					"bits_per_second":	0,
					"omitted":	false,
					"sender":	true
				}],
			"sum":	{
				"start":	4.003442,
				"end":	5.002542,
				"seconds":	0.99910002946853638,
				"bytes":	0,
				"bits_per_second":	0,
				"omitted":	false,
				"sender":	true
			}
		}, {
			"streams":	[{
					"socket":	7,
					"start":	5.002542,
					"end":	6.003453,
					"seconds":	1.0009109973907471,
					"bytes":	0,
					"bits_per_second":	0,
					"omitted":	false,
					"sender":	true
				}],
			"sum":	{
				"start":	5.002542,
				"end":	6.003453,
				"seconds":	1.0009109973907471,
				"bytes":	0,
				"bits_per_second":	0,
				"omitted":	false,
				"sender":	true
			}
		}, {
			"streams":	[{
					"socket":	7,
					"start":	6.003453,
					"end":	7.003466,
					"seconds":	1.000012993812561,
					"bytes":	0,
					"bits_per_second":	0,
					"omitted":	false,
					"sender":	true
				}],
			"sum":	{
				"start":	6.003453,
				"end":	7.003466,
				"seconds":	1.000012993812561,
				"bytes":	0,
				"bits_per_second":	0,
				"omitted":	false,
				"sender":	true
			}
		}, {
			"streams":	[{
					"socket":	7,
					"start":	7.003466,
					"end":	8.003354,
					"seconds":	0.999888002872467,
					"bytes":	0,
					"bits_per_second":	0,
					"omitted":	false,
					"sender":	true
				}],
			"sum":	{
				"start":	7.003466,
				"end":	8.003354,
				"seconds":	0.999888002872467,
				"bytes":	0,
				"bits_per_second":	0,
				"omitted":	false,
				"sender":	true
			}
		}, {
			"streams":	[{
					"socket":	7,
					"start":	8.003354,
					"end":	9.004165,
					"seconds":	1.000810980796814,
					"bytes":	0,
					"bits_per_second":	0,
					"omitted":	false,
					"sender":	true
				}],
			"sum":	{
				"start":	8.003354,
				"end":	9.004165,
				"seconds":	1.000810980796814,
				"bytes":	0,
				"bits_per_second":	0,
				"omitted":	false,
				"sender":	true
			}
		}, {
			"streams":	[{
					"socket":	7,
					"start":	9.004165,
					"end":	10.003333,
					"seconds":	0.99916797876358032,
					"bytes":	0,
					"bits_per_second":	0,
					"omitted":	false,
					"sender":	true
				}],
			"sum":	{
				"start":	9.004165,
				"end":	10.003333,
				"seconds":	0.99916797876358032,
				"bytes":	0,
				"bits_per_second":	0,
				"omitted":	false,
				"sender":	true
			}
		}, {
			"streams":	[{
					"socket":	7,
					"start":	10.003333,
					"end":	11.003453,
					"seconds":	1.0001200437545776,
					"bytes":	0,
					"bits_per_second":	0,
					"omitted":	false,
					"sender":	true
				}],
			"sum":	{
				"start":	10.003333,
				"end":	11.003453,
				"seconds":	1.0001200437545776,
				"bytes":	0,
				"bits_per_second":	0,
				"omitted":	false,
				"sender":	true
			}
		}, {
			"streams":	[{
					"socket":	7,
					"start":	11.003453,
					"end":	12.003465,
					"seconds":	1.0000120401382446,
					"bytes":	0,
					"bits_per_second":	0,
					"omitted":	false,
					"sender":	true
				}],
			"sum":	{
				"start":	11.003453,
				"end":	12.003465,
				"seconds":	1.0000120401382446,
				"bytes":	0,
				"bits_per_second":	0,
				"omitted":	false,
				"sender":	true
			}
		}, {
			"streams":	[{
					"socket":	7,
					"start":	12.003465,
					"end":	13.004,
					"seconds":	1.0005350112915039,
					"bytes":	0,
					"bits_per_second":	0,
					"omitted":	false,
					"sender":	true
				}],
			"sum":	{
				"start":	12.003465,
				"end":	13.004,
				"seconds":	1.0005350112915039,
				"bytes":	0,
				"bits_per_second":	0,
				"omitted":	false,
				"sender":	true
			}
		}, {
			"streams":	[{
					"socket":	7,
					"start":	13.004,
					"end":	14.00349,
					"seconds":	0.99949002265930176,
					"bytes":	0,
					"bits_per_second":	0,
					"omitted":	false,
					"sender":	true
				}],
			"sum":	{
				"start":	13.004,
				"end":	14.00349,
				"seconds":	0.99949002265930176,
				"bytes":	0,
				"bits_per_second":	0,
				"omitted":	false,
				"sender":	true
			}
		}, {
			"streams":	[{
					"socket":	7,
					"start":	14.00349,
					"end":	15.00348,
					"seconds":	0.99998998641967773,
					"bytes":	0,
					"bits_per_second":	0,
					"omitted":	false,
					"sender":	true
				}],
			"sum":	{
				"start":	14.00349,
				"end":	15.00348,
				"seconds":	0.99998998641967773,
				"bytes":	0,
				"bits_per_second":	0,
				"omitted":	false,
				"sender":	true
			}
		}, {
			"streams":	[{
					"socket":	7,
					"start":	15.00348,
					"end":	16.000048,
					"seconds":	0.99656802415847778,
					"bytes":	0,
					"bits_per_second":	0,
					"omitted":	false,
					"sender":	true
				}],
			"sum":	{
				"start":	15.00348,
				"end":	16.000048,
				"seconds":	0.99656802415847778,
				"bytes":	0,
				"bits_per_second":	0,
				"omitted":	false,
				"sender":	true
			}
		}, {
			"streams":	[{
					"socket":	7,
					"start":	16.000048,
					"end":	17.003492,
					"seconds":	1.0034439563751221,
					"bytes":	0,
					"bits_per_second":	0,
					"omitted":	false,
					"sender":	true
				}],
			"sum":	{
				"start":	16.000048,
				"end":	17.003492,
				"seconds":	1.0034439563751221,
				"bytes":	0,
				"bits_per_second":	0,
				"omitted":	false,
				"sender":	true
			}
		}, {
			"streams":	[{
					"socket":	7,
					"start":	17.003492,