{
	"start":	{
		"connected":	[{
				"socket":	7,
				"local_host":	"192.168.0.26",
				"local_port":	51167,
				"remote_host":	"216.218.207.42",
				"remote_port":	5201
			}],
		"version":	"iperf 3.19.1",
		"system_info":	"Darwin Kurts-MacBook-Pro.local 24.6.0 Darwin Kernel Version 24.6.0: Mon Jul 14 11:28:17 PDT 2025; root:xnu-11417.140.69~1/RELEASE_X86_64 x86_64",
		"timestamp":	{
			"time":	"Tue, 16 Sep 2025 01:21:34 UTC",
			"timesecs":	1757985694
		},
		"connecting_to":	{
			"host":	"iperf.he.net",
			"port":	5201
		},
		"cookie":	"stqvjowzcpc2mgwra75wng6cthgej3j5bayf",
		"tcp_mss_default":	1448,
		"target_bitrate":	0,
		"fq_rate":	0,
		"sock_bufsize":	0,
		"sndbuf_actual":	131072,
		"rcvbuf_actual":	131072,
		"test_start":	{
			"protocol":	"TCP",
			"num_streams":	1,
			"blksize":	131072,
			"omit":	0,
			"duration":	30,
			"bytes":	0,
			"blocks":	0,
			"reverse":	1,
			"tos":	0,
			"target_bitrate":	0,
			"bidir":	0,
			"fqrate":	0,
			"interval":	1
		}
	},
	"intervals":	[{
			"streams":	[{
					"socket":	7,
					"start":	0,
					"end":	1.002787,
					"seconds":	1.0027869939804077,
					"bytes":	15859712,
					"bits_per_second":	126525071.3876719,
					"omitted":	false,
					"sender":	false
				}],
			"sum":	{
				"start":	0,
				"end":	1.002787,
				"seconds":	1.0027869939804077,
				"bytes":	15859712,
				"bits_per_second":	126525071.3876719,
				"omitted":	false,
				"sender":	false
			}
		}, {
			"streams":	[{
					"socket":	7,
					"start":	1.002787,
					"end":	2.002212,
					"seconds":	0.99942499399185181,
					"bytes":	31326208,
					"bits_per_second":	250753848.96972388,
					"omitted":	false,
					"sender":	false
				}],
			"sum":	{
				"start":	1.002787,
				"end":	2.002212,
				"seconds":	0.99942499399185181,
				"bytes":	31326208,
				"bits_per_second":	250753848.96972388,
				"omitted":	false,
				"sender":	false
			}
		}, {
			"streams":	[{
					"socket":	7,
					"start":	2.002212,
					"end":	3.003218,
					"seconds":	1.001006007194519,
					"bytes":	18350080,
					"bits_per_second":	146653105.92034557,
					"omitted":	false,
					"sender":	false
				}],
			"sum":	{
				"start":	2.002212,
				"end":	3.003218,
				"seconds":	1.001006007194519,
				"bytes":	18350080,
				"bits_per_second":	146653105.92034557,
				"omitted":	false,
				"sender":	false
			}
		}, {
			"streams":	[{
					"socket":	7,
					"start":	3.003218,
					"end":	4.004895,
					"seconds":	1.0016770362854004,
					"bytes":	26476544,
					"bits_per_second":	211457729.71444049,
					"omitted":	false,
					"sender":	false
				}],
			"sum":	{
				"start":	3.003218,
				"end":	4.004895,
				"seconds":	1.0016770362854004,
				"bytes":	26476544,
				"bits_per_second":	211457729.71444049,
				"omitted":	false,
				"sender":	false
			}
		}, {
			"streams":	[{
					"socket":	7,
					"start":	4.004895,
					"end":	5.000141,
					"seconds":	0.99524599313735962,
					"bytes":	5767168,
					"bits_per_second":	46357728.961619966,
					"omitted":	false,
					"sender":	false
				}],
			"sum":	{
				"start":	4.004895,
				"end":	5.000141,
				"seconds":	0.99524599313735962,
				"bytes":	5767168,
				"bits_per_second":	46357728.961619966,
				"omitted":	false,
				"sender":	false
			}
		}, {
			"streams":	[{
					"socket":	7,
					"start":	5.000141,
					"end":	6.001865,
					"seconds":	1.0017240047454834,
					"bytes":	131072,
					"bits_per_second":	1046771.361205845,
					"omitted":	false,
					"sender":	false
				}],
			"sum":	{
				"start":	5.000141,
				"end":	6.001865,
				"seconds":	1.0017240047454834,
				"bytes":	131072,
				"bits_per_second":	1046771.361205845,
				"omitted":	false,
				"sender":	false
			}
		}, {
			"streams":	[{
					"socket":	7,
					"start":	6.001865,
					"end":	7.005067,
					"seconds":	1.003201961517334,
					"bytes":	524288,
					"bits_per_second":	4180916.8650908065,
					"omitted":	false,
					"sender":	false
				}],
			"sum":	{
				"start":	6.001865,
				"end":	7.005067,
				"seconds":	1.003201961517334,
				"bytes":	524288,
				"bits_per_second":	4180916.8650908065,
				"omitted":	false,
				"sender":	false
			}
		}, {
			"streams":	[{
					"socket":	7,
					"start":	7.005067,
					"end":	8.000152,
					"seconds":	0.99508500099182129,
					"bytes":	655360,
					"bits_per_second":	5268776.0289566377,
					"omitted":	false,
					"sender":	false
				}],
			"sum":	{
				"start":	7.005067,
				"end":	8.000152,
				"seconds":	0.99508500099182129,
				"bytes":	655360,
				"bits_per_second":	5268776.0289566377,
				"omitted":	false,
				"sender":	false
			}
		}, {
			"streams":	[{
					"socket":	7,
					"start":	8.000152,
					"end":	9.00248,
					"seconds":	1.0023280382156372,
					"bytes":	2228224,
					"bits_per_second":	17784389.262155931,
					"omitted":	false,
					"sender":	false
				}],
			"sum":	{
				"start":	8.000152,
				"end":	9.00248,
				"seconds":	1.0023280382156372,
				"bytes":	2228224,
				"bits_per_second":	17784389.262155931,
				"omitted":	false,
				"sender":	false
			}
		}, {
			"streams":	[{
					"socket":	7,
					"start":	9.00248,
					"end":	10.000066,
					"seconds":	0.99758601188659668,
					"bytes":	9568256,
					"bits_per_second":	76731276.389129624,
					"omitted":	false,
					"sender":	false
				}],
			"sum":	{
				"start":	9.00248,
				"end":	10.000066,
				"seconds":	0.99758601188659668,
				"bytes":	9568256,
				"bits_per_second":	76731276.389129624,
				"omitted":	false,
				"sender":	false
			}
		}, {
			"streams":	[{
					"socket":	7,
					"start":	10.000066,
					"end":	11.001961,
					"seconds":	1.0018949508666992,
					"bytes":	10878976,
					"bits_per_second":	86867198.926107243,
					"omitted":	false,
					"sender":	false
				}],
			"sum":	{
				"start":	10.000066,
				"end":	11.001961,
				"seconds":	1.0018949508666992,
				"bytes":	10878976,
				"bits_per_second":	86867198.926107243,
				"omitted":	false,
				"sender":	false
			}
		}, {
			"streams":	[{
					"socket":	7,
					"start":	11.001961,
					"end":	12.003128,
					"seconds":	1.0011670589447021,
					"bytes":	19791872,
					"bits_per_second":	158150405.15505552,
					"omitted":	false,
					"sender":	false
				}],
			"sum":	{
				"start":	11.001961,
				"end":	12.003128,
				"seconds":	1.0011670589447021,
				"bytes":	19791872,
				"bits_per_second":	158150405.15505552,
				"omitted":	false,
				"sender":	false
			}
		}, {
			"streams":	[{
					"socket":	7,
					"start":	12.003128,
					"end":	13.000879,
					"seconds":	0.997750997543335,
					"bytes":	29491200,
					"bits_per_second":	236461402.27462208,
					"omitted":	false,
					"sender":	false
				}],
			"sum":	{
				"start":	12.003128,
				"end":	13.000879,
				"seconds":	0.997750997543335,
				"bytes":	29491200,
				"bits_per_second":	236461402.27462208,
				"omitted":	false,
				"sender":	false
			}
		}, {
			"streams":	[{
					"socket":	7,
					"start":	13.000879,
					"end":	14.002619,
					"seconds":	1.0017399787902832,
					"bytes":	30015488,
					"bits_per_second":	239706819.21867326,
					"omitted":	false,
					"sender":	false
				}],
			"sum":	{
				"start":	13.000879,
				"end":	14.002619,
				"seconds":	1.0017399787902832,
				"bytes":	30015488,
				"bits_per_second":	239706819.21867326,
				"omitted":	false,
				"sender":	false
			}
		}, {
			"streams":	[{
					"socket":	7,
					"start":	14.002619,
					"end":	15.000547,
					"seconds":	0.997928023338318,
					"bytes":	29622272,
					"bits_per_second":	237470208.730334,
					"omitted":	false,
					"sender":	false
				}],
			"sum":	{
				"start":	14.002619,
				"end":	15.000547,
				"seconds":	0.997928023338318,
				"bytes":	29622272,
				"bits_per_second":	237470208.730334,
				"omitted":	false,
				"sender":	false
			}
		}, {
			"streams":	[{
					"socket":	7,
					"start":	15.000547,
					"end":	16.001849,
					"seconds":	1.0013020038604736,
					"bytes":	28180480,
					"bits_per_second":	225150692.92861864,
					"omitted":	false,
					"sender":	false
				}],
			"sum":	{
				"start":	15.000547,
				"end":	16.001849,