{
	"start":	{
		"connected":	[{
				"socket":	7,
				"local_host":	"192.168.0.26",
				"local_port":	53076,
				"remote_host":	"216.218.207.42",
				"remote_port":	5201
			}],
		"version":	"iperf 3.19.1",
		"system_info":	"Darwin Kurts-MacBook-Pro.local 24.6.0 Darwin Kernel Version 24.6.0: Mon Jul 14 11:28:17 PDT 2025; root:xnu-11417.140.69~1/RELEASE_X86_64 x86_64",
		"timestamp":	{
			"time":	"Tue, 16 Sep 2025 01:23:15 UTC",
			"timesecs":	1757985795
		},
		"connecting_to":	{
			"host":	"iperf.he.net",
			"port":	5201
		},
		"cookie":	"jcwgv7fqmtt45udehodgry4imlehghq5cgbh",
		"target_bitrate":	100000000,
		"fq_rate":	0,
		"sock_bufsize":	0,
		"sndbuf_actual":	9216,
		"rcvbuf_actual":	786896,
		"test_start":	{
			"protocol":	"UDP",
			"num_streams":	1,
			"blksize":	1448,
			"omit":	0,
			"duration":	30,
			"bytes":	0,
			"blocks":	0,
			"reverse":	0,
			"tos":	0,
			"target_bitrate":	100000000,
			"bidir":	0,
			"fqrate":	0,
			"interval":	1
		}
	},
	"intervals":	[{
			"streams":	[{
					"socket":	7,
					"start":	0,
					"end":	1.002771,
					"seconds":	1.0027710199356079,
					"bytes":	12535336,
					"bits_per_second":	100005570.57027791,
					"packets":	8657,
					"omitted":	false,
					"sender":	true
				}],
			"sum":	{
				"start":	0,
				"end":	1.002771,
				"seconds":	1.0027710199356079,
				"bytes":	12535336,
				"bits_per_second":	100005570.57027791,
				"packets":	8657,
				"omitted":	false,
				"sender":	true
			}
		}, {
			"streams":	[{
					"socket":	7,
					"start":	1.002771,
					"end":	2.000031,
					"seconds":	0.99725997447967529,
					"bytes":	12465832,
					"bits_per_second":	100000660.36143968,
					"packets":	8609,
					"omitted":	false,
					"sender":	true
				}],
			"sum":	{
				"start":	1.002771,
				"end":	2.000031,
				"seconds":	0.99725997447967529,
				"bytes":	12465832,
				"bits_per_second":	100000660.36143968,
				"packets":	8609,
				"omitted":	false,
				"sender":	true
			}
		}, {
			"streams":	[{
					"socket":	7,
					"start":	2.000031,
					"end":	3.000662,
					"seconds":	1.0006309747695923,
					"bytes":	12507824,
					"bits_per_second":	99999494.841782868,
					"packets":	8638,
					"omitted":	false,
					"sender":	true
				}],
			"sum":	{
				"start":	2.000031,
				"end":	3.000662,
				"seconds":	1.0006309747695923,
				"bytes":	12507824,
				"bits_per_second":	99999494.841782868,
				"packets":	8638,
				"omitted":	false,
				"sender":	true
			}
		}, {
			"streams":	[{
					"socket":	7,
					"start":	3.000662,
					"end":	4.003514,
					"seconds":	1.0028519630432129,
					"bytes":	12535336,
					"bits_per_second":	99997498.828926176,
					"packets":	8657,
					"omitted":	false,
					"sender":	true
				}],
			"sum":	{
				"start":	3.000662,
				"end":	4.003514,
				"seconds":	1.0028519630432129,
				"bytes":	12535336,
				"bits_per_second":	99997498.828926176,
				"packets":	8657,
				"omitted":	false,
				"sender":	true
			}
		}, {
			"streams":	[{
					"socket":	7,
					"start":	4.003514,
					"end":	5.002792,
					"seconds":	0.99927800893783569,
					"bytes":	10162064,
					"bits_per_second":	81355249.763189167,
					"packets":	7019,
					"omitted":	false,
					"sender":	true
				}],
			"sum":	{
				"start":	4.003514,
				"end":	5.002792,
				"seconds":	0.99927800893783569,
				"bytes":	10162064,
				"bits_per_second":	81355249.763189167,
				"packets":	7019,
				"omitted":	false,
				"sender":	true
			}
		}, {
			"streams":	[{
					"socket":	7,
					"start":	5.002792,
					"end":	6.000083,
					"seconds":	0.99729102849960327,
					"bytes":	14792768,
					"bits_per_second":	118663600.311378,
					"packets":	10217,
					"omitted":	false,
					"sender":	true
				}],
			"sum":	{
				"start":	5.002792,
				"end":	6.000083,
				"seconds":	0.99729102849960327,
				"bytes":	14792768,
				"bits_per_second":	118663600.311378,
				"packets":	10217,
				"omitted":	false,
				"sender":	true
			}
		}, {
			"streams":	[{
					"socket":	7,
					"start":	6.000083,
					"end":	7.000507,
					"seconds":	1.0004240274429321,
					"bytes":	2910480,
					"bits_per_second":	23273971.197506245,
					"packets":	2009,
					"omitted":	false,
					"sender":	true
				}],
			"sum":	{
				"start":	6.000083,
				"end":	7.000507,
				"seconds":	1.0004240274429321,
				"bytes":	2910480,
				"bits_per_second":	23273971.197506245,
				"packets":	2009,
				"omitted":	false,
				"sender":	true
			}
		}, {
			"streams":	[{
					"socket":	7,
					"start":	7.000507,
					"end":	8.003907,
					"seconds":	1.0033999681472778,
					"bytes":	22138472,
					"bits_per_second":	176507655.59323233,
					"packets":	15289,
					"omitted":	false,
					"sender":	true
				}],
			"sum":	{
				"start":	7.000507,
				"end":	8.003907,
				"seconds":	1.0033999681472778,
				"bytes":	22138472,
				"bits_per_second":	176507655.59323233,
				"packets":	15289,
				"omitted":	false,
				"sender":	true
			}
		}, {
			"streams":	[{
					"socket":	7,
					"start":	8.003907,
					"end":	9.001228,
					"seconds":	0.99732100963592529,
					"bytes":	12465832,
					"bits_per_second":	99994540.410219058,
					"packets":	8609,
					"omitted":	false,
					"sender":	true
				}],
			"sum":	{
				"start":	8.003907,
				"end":	9.001228,
				"seconds":	0.99732100963592529,
				"bytes":	12465832,
				"bits_per_second":	99994540.410219058,
				"packets":	8609,
				"omitted":	false,
				"sender":	true
			}
		}, {
			"streams":	[{
					"socket":	7,
					"start":	9.001228,
					"end":	10.002959,
					"seconds":	1.0017310380935669,
					"bytes":	12522304,
					"bits_per_second":	100005318.98328063,
					"packets":	8648,
					"omitted":	false,
					"sender":	true
				}],
			"sum":	{
				"start":	9.001228,
				"end":	10.002959,
				"seconds":	1.0017310380935669,
				"bytes":	12522304,
				"bits_per_second":	100005318.98328063,
				"packets":	8648,
				"omitted":	false,
				"sender":	true
			}
		}, {
			"streams":	[{
					"socket":	7,
					"start":	10.002959,
					"end":	11.00311,
					"seconds":	1.0001510381698608,
					"bytes":	12500584,
					"bits_per_second":	99989569.7583785,
					"packets":	8633,
					"omitted":	false,
					"sender":	true
				}],
			"sum":	{
				"start":	10.002959,
				"end":	11.00311,
				"seconds":	1.0001510381698608,
				"bytes":	12500584,
				"bits_per_second":	99989569.7583785,
				"packets":	8633,
				"omitted":	false,
				"sender":	true
			}
		}, {
			"streams":	[{
					"socket":	7,
					"start":	11.00311,
					"end":	12.000447,
					"seconds":	0.997336983680725,
					"bytes":	12467280,
					"bits_per_second":	100004553.75866112,
					"packets":	8610,
					"omitted":	false,
					"sender":	true
				}],
			"sum":	{
				"start":	11.00311,
				"end":	12.000447,
				"seconds":	0.997336983680725,
				"bytes":	12467280,
				"bits_per_second":	100004553.75866112,
				"packets":	8610,
				"omitted":	false,
				"sender":	true
			}
		}, {
			"streams":	[{
					"socket":	7,
					"start":	12.000447,
					"end":	13.003453,
					"seconds":	1.0030059814453125,
					"bytes":	12538232,
					"bits_per_second":	100005242.09781997,
					"packets":	8659,
					"omitted":	false,
					"sender":	true
				}],
			"sum":	{
				"start":	12.000447,
				"end":	13.003453,
				"seconds":	1.0030059814453125,
				"bytes":	12538232,
				"bits_per_second":	100005242.09781997,
				"packets":	8659,
				"omitted":	false,
				"sender":	true
			}
		}, {
			"streams":	[{
					"socket":	7,
					"start":	13.003453,
					"end":	14.003526,
					"seconds":	1.0000729560852051,
					"bytes":	12500584,
					"bits_per_second":	99997376.582873732,
					"packets":	8633,
					"omitted":	false,
					"sender":	true
				}],
			"sum":	{
				"start":	13.003453,
				"end":	14.003526,
				"seconds":	1.0000729560852051,
				"bytes":	12500584,
				"bits_per_second":	99997376.582873732,
				"packets":	8633,
				"omitted":	false,
				"sender":	true
			}
		}, {
			"streams":	[{
					"socket":	7,
					"start":	14.003526,
					"end":	15.003192,
					"seconds":	0.99966597557067871,
					"bytes":	12496240,