{
	"start":	{
		"connected":	[{
				"socket":	7,
				"local_host":	"2605:59c8:1c00:b275:1c11:a0d8:609f:f1f1",
				"local_port":	58877,
				"remote_host":	"2001:470:0:236::2",
				"remote_port":	5201
			}],
		"version":	"iperf 3.19.1",
		"system_info":	"Darwin Kurts-MacBook-Pro.local 24.6.0 Darwin Kernel Version 24.6.0: Mon Jul 14 11:28:17 PDT 2025; root:xnu-11417.140.69~1/RELEASE_X86_64 x86_64",
		"timestamp":	{
			"time":	"Fri, 05 Sep 2025 20:08:59 UTC",
			"timesecs":	1757102939
		},
		"connecting_to":	{
			"host":	"iperf.he.net",
			"port":	5201
		},
		"cookie":	"ngcxfct4l6onngcnohsxdcrdv5uqv454azy4",
		"tcp_mss_default":	1428,
		"target_bitrate":	0,
		"fq_rate":	0,
		"sock_bufsize":	0,
		"sndbuf_actual":	131072,
		"rcvbuf_actual":	131072,
		"test_start":	{
			"protocol":	"TCP",
			"num_streams":	1,
			"blksize":	131072,
			"omit":	0,
			"duration":	30,
			"bytes":	0,
			"blocks":	0,
			"reverse":	1,
			"tos":	0,
			"target_bitrate":	0,
			"bidir":	0,
			"fqrate":	0,
			"interval":	1
		}
	},
	"intervals":	[{
			"streams":	[{
					"socket":	7,
					"start":	0,
					"end":	1.000104,
					"seconds":	1.0001039505004883,
					"bytes":	2752512,
					"bits_per_second":	22017807.237917963,
					"omitted":	false,
					"sender":	false
				}],
			"sum":	{
				"start":	0,
				"end":	1.000104,
				"seconds":	1.0001039505004883,
				"bytes":	2752512,
				"bits_per_second":	22017807.237917963,
				"omitted":	false,
				"sender":	false
			}
		}, {
			"streams":	[{
					"socket":	7,
					"start":	1.000104,
					"end":	2.000068,
					"seconds":	0.99996399879455566,
					"bytes":	3407872,
					"bits_per_second":	27263957.535336453,
					"omitted":	false,
					"sender":	false
				}],
			"sum":	{
				"start":	1.000104,
				"end":	2.000068,
				"seconds":	0.99996399879455566,
				"bytes":	3407872,
				"bits_per_second":	27263957.535336453,
				"omitted":	false,
				"sender":	false
			}
		}, {
			"streams":	[{
					"socket":	7,
					"start":	2.000068,
					"end":	3.000099,
					"seconds":	1.0000309944152832,
					"bytes":	1572864,
					"bits_per_second":	12582522.012087448,
					"omitted":	false,
					"sender":	false
				}],
			"sum":	{
				"start":	2.000068,
				"end":	3.000099,
				"seconds":	1.0000309944152832,
				"bytes":	1572864,
				"bits_per_second":	12582522.012087448,
				"omitted":	false,
				"sender":	false
			}
		}, {
			"streams":	[{
					"socket":	7,
					"start":	3.000099,
					"end":	4.003511,
					"seconds":	1.0034120082855225,
					"bytes":	1572864,
					"bits_per_second":	12540124.989633882,
					"omitted":	false,
					"sender":	false
				}],
			"sum":	{
				"start":	3.000099,
				"end":	4.003511,
				"seconds":	1.0034120082855225,
				"bytes":	1572864,
				"bits_per_second":	12540124.989633882,
				"omitted":	false,
				"sender":	false
			}
		}, {
			"streams":	[{
					"socket":	7,
					"start":	4.003511,
					"end":	5.005065,
					"seconds":	1.001554012298584,
					"bytes":	1572864,
					"bits_per_second":	12563388.340007741,
					"omitted":	false,
					"sender":	false
				}],
			"sum":	{
				"start":	4.003511,
				"end":	5.005065,
				"seconds":	1.001554012298584,
				"bytes":	1572864,
				"bits_per_second":	12563388.340007741,
				"omitted":	false,
				"sender":	false
			}
		}, {
			"streams":	[{
					"socket":	7,
					"start":	5.005065,
					"end":	6.001815,
					"seconds":	0.996749997138977,
					"bytes":	1179648,
					"bits_per_second":	9467954.8804494962,
					"omitted":	false,
					"sender":	false
				}],
			"sum":	{
				"start":	5.005065,
				"end":	6.001815,
				"seconds":	0.996749997138977,
				"bytes":	1179648,
				"bits_per_second":	9467954.8804494962,
				"omitted":	false,
				"sender":	false
			}
		}, {
			"streams":	[{
					"socket":	7,
					"start":	6.001815,
					"end":	7.003635,
					"seconds":	1.0018199682235718,
					"bytes":	786432,
					"bits_per_second":	6280026.5512335682,
					"omitted":	false,
					"sender":	false
				}],
			"sum":	{
				"start":	6.001815,
				"end":	7.003635,
				"seconds":	1.0018199682235718,
				"bytes":	786432,
				"bits_per_second":	6280026.5512335682,
				"omitted":	false,
				"sender":	false
			}
		}, {
			"streams":	[{
					"socket":	7,
					"start":	7.003635,
					"end":	8.005066,
					"seconds":	1.0014309883117676,
					"bytes":	917504,
					"bits_per_second":	7329543.50890816,
					"omitted":	false,
					"sender":	false
				}],
			"sum":	{
				"start":	7.003635,
				"end":	8.005066,
				"seconds":	1.0014309883117676,
				"bytes":	917504,
				"bits_per_second":	7329543.50890816,
				"omitted":	false,
				"sender":	false
			}
		}, {
			"streams":	[{
					"socket":	7,
					"start":	8.005066,
					"end":	9.003679,
					"seconds":	0.99861299991607666,
					"bytes":	1048576,
					"bits_per_second":	8400259.16016012,
					"omitted":	false,
					"sender":	false
				}],
			"sum":	{
				"start":	8.005066,
				"end":	9.003679,
				"seconds":	0.99861299991607666,
				"bytes":	1048576,
				"bits_per_second":	8400259.16016012,
				"omitted":	false,
				"sender":	false
			}
		}, {
			"streams":	[{
					"socket":	7,
					"start":	9.003679,
					"end":	10.005066,
					"seconds":	1.0013870000839233,
					"bytes":	786432,
					"bits_per_second":	6282741.8365454432,
					"omitted":	false,
					"sender":	false
				}],
			"sum":	{
				"start":	9.003679,
				"end":	10.005066,
				"seconds":	1.0013870000839233,
				"bytes":	786432,
				"bits_per_second":	6282741.8365454432,
				"omitted":	false,
				"sender":	false
			}
		}, {
			"streams":	[{
					"socket":	7,
					"start":	10.005066,
					"end":	11.003681,
					"seconds":	0.998615026473999,
					"bytes":	1179648,
					"bits_per_second":	9450272.37705572,
					"omitted":	false,
					"sender":	false
				}],
			"sum":	{
				"start":	10.005066,
				"end":	11.003681,
				"seconds":	0.998615026473999,
				"bytes":	1179648,
				"bits_per_second":	9450272.37705572,
				"omitted":	false,
				"sender":	false
			}
		}, {
			"streams":	[{
					"socket":	7,
					"start":	11.003681,
					"end":	12.001869,
					"seconds":	0.998188018798828,
					"bytes":	1703936,
					"bits_per_second":	13656232.837179797,
					"omitted":	false,
					"sender":	false
				}],
			"sum":	{
				"start":	11.003681,
				"end":	12.001869,
				"seconds":	0.998188018798828,
				"bytes":	1703936,
				"bits_per_second":	13656232.837179797,
				"omitted":	false,
				"sender":	false
			}
		}, {
			"streams":	[{
					"socket":	7,
					"start":	12.001869,
					"end":	13.00429,
					"seconds":	1.0024210214614868,
					"bytes":	655360,
					"bits_per_second":	5230217.53110894,
					"omitted":	false,
					"sender":	false
				}],
			"sum":	{
				"start":	12.001869,
				"end":	13.00429,
				"seconds":	1.0024210214614868,
				"bytes":	655360,
				"bits_per_second":	5230217.53110894,
				"omitted":	false,
				"sender":	false
			}
		}, {
			"streams":	[{
					"socket":	7,
					"start":	13.00429,
					"end":	14.001887,
					"seconds":	0.99759697914123535,
					"bytes":	0,
					"bits_per_second":	0,
					"omitted":	false,
					"sender":	false
				}],
			"sum":	{
				"start":	13.00429,
				"end":	14.001887,
				"seconds":	0.99759697914123535,
				"bytes":	0,
				"bits_per_second":	0,
				"omitted":	false,
				"sender":	false
			}
		}, {
			"streams":	[{
					"socket":	7,
					"start":	14.001887,
					"end":	15.004925,
					"seconds":	1.0030380487442017,
					"bytes":	0,
					"bits_per_second":	0,
					"omitted":	false,
					"sender":	false
				}],
			"sum":	{
				"start":	14.001887,
				"end":	15.004925,
				"seconds":	1.0030380487442017,
				"bytes":	0,
				"bits_per_second":	0,
				"omitted":	false,
				"sender":	false
			}
		}, {
			"streams":	[{
					"socket":	7,
					"start":	15.004925,
					"end":	16.005067,
					"seconds":	1.000141978263855,
					"bytes":	0,
					"bits_per_second":	0,
					"omitted":	false,
					"sender":	false
				}],
			"sum":	{
				"start":	15.004925,
				"end":	16.005067,
				"seconds":	1.000141978263855,
				"bytes":	0,
				"bits_per_second":	0,
				"omitted":	false,