{
	"start":	{
		"connected":	[{
				"socket":	7,
				"local_host":	"192.168.0.110",
				"local_port":	61277,
				"remote_host":	"216.218.207.42",
				"remote_port":	5201
			}],
		"version":	"iperf 3.19.1",
		"system_info":	"Darwin Kurts-MacBook-Pro.local 24.6.0 Darwin Kernel Version 24.6.0: Mon Jul 14 11:28:17 PDT 2025; root:xnu-11417.140.69~1/RELEASE_X86_64 x86_64",
		"timestamp":	{
			"time":	"Fri, 05 Sep 2025 22:27:40 UTC",
			"timesecs":	1757111260
		},
		"connecting_to":	{
			"host":	"iperf.he.net",
			"port":	5201
		},
		"cookie":	"kndxnrgdunzvwvhrd3yxmqzyih5yh7rlu6a3",
		"tcp_mss_default":	1448,
		"target_bitrate":	0,
		"fq_rate":	0,
		"sock_bufsize":	0,
		"sndbuf_actual":	131072,
		"rcvbuf_actual":	131072,
		"test_start":	{
			"protocol":	"TCP",
			"num_streams":	1,
			"blksize":	131072,
			"omit":	0,
			"duration":	30,
			"bytes":	0,
			"blocks":	0,
			"reverse":	0,
			"tos":	0,
			"target_bitrate":	0,
			"bidir":	0,
			"fqrate":	0,
			"interval":	1
		}
	},
	"intervals":	[{
			"streams":	[{
					"socket":	7,
					"start":	0,
					"end":	1.0022,
					"seconds":	1.00220000743866,
					"bytes":	2359296,
					"bits_per_second":	18832935.402023751,
					"omitted":	false,
					"sender":	true
				}],
			"sum":	{
				"start":	0,
				"end":	1.0022,
				"seconds":	1.00220000743866,
				"bytes":	2359296,
				"bits_per_second":	18832935.402023751,
				"omitted":	false,
				"sender":	true
			}
		}, {
			"streams":	[{
					"socket":	7,
					"start":	1.0022,
					"end":	2.000346,
					"seconds":	0.99814599752426147,
					"bytes":	1572864,
					"bits_per_second":	12606284.0818977,
					"omitted":	false,
					"sender":	true
				}],
			"sum":	{
				"start":	1.0022,
				"end":	2.000346,
				"seconds":	0.99814599752426147,
				"bytes":	1572864,
				"bits_per_second":	12606284.0818977,
				"omitted":	false,
				"sender":	true
			}
		}, {
			"streams":	[{
					"socket":	7,
					"start":	2.000346,
					"end":	3.000435,
					"seconds":	1.0000890493392944,
					"bytes":	4718592,
					"bits_per_second":	37745374.7993127,
					"omitted":	false,
					"sender":	true
				}],
			"sum":	{
				"start":	2.000346,
				"end":	3.000435,
				"seconds":	1.0000890493392944,
				"bytes":	4718592,
				"bits_per_second":	37745374.7993127,
				"omitted":	false,
				"sender":	true
			}
		}, {
			"streams":	[{
					"socket":	7,
					"start":	3.000435,
					"end":	4.000742,
					"seconds":	1.0003069639205933,
					"bytes":	5242880,
					"bits_per_second":	41930168.95094768,
					"omitted":	false,
					"sender":	true
				}],
			"sum":	{
				"start":	3.000435,
				"end":	4.000742,
				"seconds":	1.0003069639205933,
				"bytes":	5242880,
				"bits_per_second":	41930168.95094768,
				"omitted":	false,
				"sender":	true
			}
		}, {
			"streams":	[{
					"socket":	7,
					"start":	4.000742,
					"end":	5.002275,
					"seconds":	1.001533031463623,
					"bytes":	5242880,
					"bits_per_second":	41878838.4230375,
					"omitted":	false,
					"sender":	true
				}],
			"sum":	{
				"start":	4.000742,
				"end":	5.002275,
				"seconds":	1.001533031463623,
				"bytes":	5242880,
				"bits_per_second":	41878838.4230375,
				"omitted":	false,
				"sender":	true
			}
		}, {
			"streams":	[{
					"socket":	7,
					"start":	5.002275,
					"end":	6.002129,
					"seconds":	0.999854028224945,
					"bytes":	5373952,
					"bits_per_second":	42997892.478688732,
					"omitted":	false,
					"sender":	true
				}],
			"sum":	{
				"start":	5.002275,
				"end":	6.002129,
				"seconds":	0.999854028224945,
				"bytes":	5373952,
				"bits_per_second":	42997892.478688732,
				"omitted":	false,
				"sender":	true
			}
		}, {
			"streams":	[{
					"socket":	7,
					"start":	6.002129,
					"end":	7.002138,
					"seconds":	1.0000089406967163,
					"bytes":	5111808,
					"bits_per_second":	40894098.378268912,
					"omitted":	false,
					"sender":	true
				}],
			"sum":	{
				"start":	6.002129,
				"end":	7.002138,
				"seconds":	1.0000089406967163,
				"bytes":	5111808,
				"bits_per_second":	40894098.378268912,
				"omitted":	false,
				"sender":	true
			}
		}, {
			"streams":	[{
					"socket":	7,
					"start":	7.002138,
					"end":	8.003934,
					"seconds":	1.0017960071563721,
					"bytes":	5373952,
					"bits_per_second":	42914541.1769338,
					"omitted":	false,
					"sender":	true
				}],
			"sum":	{
				"start":	7.002138,
				"end":	8.003934,
				"seconds":	1.0017960071563721,
				"bytes":	5373952,
				"bits_per_second":	42914541.1769338,
				"omitted":	false,
				"sender":	true
			}
		}, {
			"streams":	[{
					"socket":	7,
					"start":	8.003934,
					"end":	9.00458,
					"seconds":	1.0006459951400757,
					"bytes":	5111808,
					"bits_per_second":	40868063.429640144,
					"omitted":	false,
					"sender":	true
				}],
			"sum":	{
				"start":	8.003934,
				"end":	9.00458,
				"seconds":	1.0006459951400757,
				"bytes":	5111808,
				"bits_per_second":	40868063.429640144,
				"omitted":	false,
				"sender":	true
			}
		}, {
			"streams":	[{
					"socket":	7,
					"start":	9.00458,
					"end":	10.001471,
					"seconds":	0.99689102172851562,
					"bytes":	5242880,
					"bits_per_second":	42073846.675110683,
					"omitted":	false,
					"sender":	true
				}],
			"sum":	{
				"start":	9.00458,
				"end":	10.001471,
				"seconds":	0.99689102172851562,
				"bytes":	5242880,
				"bits_per_second":	42073846.675110683,
				"omitted":	false,
				"sender":	true
			}
		}, {
			"streams":	[{
					"socket":	7,
					"start":	10.001471,
					"end":	11.001335,
					"seconds":	0.99986398220062256,
					"bytes":	5242880,
					"bits_per_second":	41948745.7760871,
					"omitted":	false,
					"sender":	true
				}],
			"sum":	{
				"start":	10.001471,
				"end":	11.001335,
				"seconds":	0.99986398220062256,
				"bytes":	5242880,
				"bits_per_second":	41948745.7760871,
				"omitted":	false,
				"sender":	true
			}
		}, {
			"streams":	[{
					"socket":	7,
					"start":	11.001335,
					"end":	12.002028,
					"seconds":	1.0006929636001587,
					"bytes":	5242880,
					"bits_per_second":	41913995.127039731,
					"omitted":	false,
					"sender":	true
				}],
			"sum":	{
				"start":	11.001335,
				"end":	12.002028,
				"seconds":	1.0006929636001587,
				"bytes":	5242880,
				"bits_per_second":	41913995.127039731,
				"omitted":	false,
				"sender":	true
			}
		}, {
			"streams":	[{
					"socket":	7,
					"start":	12.002028,
					"end":	13.001094,
					"seconds":	0.99906599521636963,
					"bytes":	5111808,
					"bits_per_second":	40932695.333248138,
					"omitted":	false,
					"sender":	true
				}],
			"sum":	{
				"start":	12.002028,
				"end":	13.001094,
				"seconds":	0.99906599521636963,
				"bytes":	5111808,
				"bits_per_second":	40932695.333248138,
				"omitted":	false,
				"sender":	true
			}
		}, {
			"streams":	[{
					"socket":	7,
					"start":	13.001094,
					"end":	14.002359,
					"seconds":	1.0012650489807129,
					"bytes":	5242880,
					"bits_per_second":	41890047.038691685,
					"omitted":	false,
					"sender":	true
				}],
			"sum":	{
				"start":	13.001094,
				"end":	14.002359,
				"seconds":	1.0012650489807129,
				"bytes":	5242880,
				"bits_per_second":	41890047.038691685,
				"omitted":	false,
				"sender":	true
			}
		}, {
			"streams":	[{
					"socket":	7,
					"start":	14.002359,
					"end":	15.001708,
					"seconds":	0.99934899806976318,
					"bytes":	5242880,
					"bits_per_second":	41970362.7871872,
					"omitted":	false,
					"sender":	true
				}],
			"sum":	{
				"start":	14.002359,
				"end":	15.001708,
				"seconds":	0.99934899806976318,
				"bytes":	5242880,
				"bits_per_second":	41970362.7871872,
				"omitted":	false,
				"sender":	true
			}
		}, {
			"streams":	[{
					"socket":	7,
					"start":	15.001708,
					"end":	16.001995,
					"seconds":	1.0002870559692383,
					"bytes":	5111808,
					"bits_per_second":	40882728.368783,
					"omitted":	false,
					"sender":	true
				}],
			"sum":	{
				"start":	15.001708,
				"end":	16.001995,
				"seconds":	1.0002870559692383,
				"bytes":	5111808,