{
	"start":	{
		"connected":	[{
				"socket":	7,
				"local_host":	"192.168.0.110",
				"local_port":	60177,
				"remote_host":	"216.218.207.42",
				"remote_port":	5201
			}],
		"version":	"iperf 3.19.1",
		"system_info":	"Darwin Kurts-MacBook-Pro.local 24.6.0 Darwin Kernel Version 24.6.0: Mon Jul 14 11:28:17 PDT 2025; root:xnu-11417.140.69~1/RELEASE_X86_64 x86_64",
		"timestamp":	{
			"time":	"Fri, 05 Sep 2025 22:28:43 UTC",
			"timesecs":	1757111323
		},
		"connecting_to":	{
			"host":	"iperf.he.net",
			"port":	5201
		},
		"cookie":	"wezqxz7dgpjxnk24rwr4riwgejprmogwovvx",
		"target_bitrate":	100000000,
		"fq_rate":	0,
		"sock_bufsize":	0,
		"sndbuf_actual":	9216,
		"rcvbuf_actual":	786896,
		"test_start":	{
			"protocol":	"UDP",
			"num_streams":	1,
			"blksize":	1448,
			"omit":	0,
			"duration":	30,
			"bytes":	0,
			"blocks":	0,
			"reverse":	0,
			"tos":	0,
			"target_bitrate":	100000000,
			"bidir":	0,
			"fqrate":	0,
			"interval":	1
		}
	},
	"intervals":	[{
			"streams":	[{
					"socket":	7,
					"start":	0,
					"end":	1.000542,
					"seconds":	1.0005420446395874,
					"bytes":	12507824,
					"bits_per_second":	100008382.99208534,
					"packets":	8638,
					"omitted":	false,
					"sender":	true
				}],
			"sum":	{
				"start":	0,
				"end":	1.000542,
				"seconds":	1.0005420446395874,
				"bytes":	12507824,
				"bits_per_second":	100008382.99208534,
				"packets":	8638,
				"omitted":	false,
				"sender":	true
			}
		}, {
			"streams":	[{
					"socket":	7,
					"start":	1.000542,
					"end":	2.000909,
					"seconds":	1.0003670454025269,
					"bytes":	12503480,
					"bits_per_second":	99991138.712242246,
					"packets":	8635,
					"omitted":	false,
					"sender":	true
				}],
			"sum":	{
				"start":	1.000542,
				"end":	2.000909,
				"seconds":	1.0003670454025269,
				"bytes":	12503480,
				"bits_per_second":	99991138.712242246,
				"packets":	8635,
				"omitted":	false,
				"sender":	true
			}
		}, {
			"streams":	[{
					"socket":	7,
					"start":	2.000909,
					"end":	3.000068,
					"seconds":	0.99915897846221924,
					"bytes":	12490448,
					"bits_per_second":	100007692.62344007,
					"packets":	8626,
					"omitted":	false,
					"sender":	true
				}],
			"sum":	{
				"start":	2.000909,
				"end":	3.000068,
				"seconds":	0.99915897846221924,
				"bytes":	12490448,
				"bits_per_second":	100007692.62344007,
				"packets":	8626,
				"omitted":	false,
				"sender":	true
			}
		}, {
			"streams":	[{
					"socket":	7,
					"start":	3.000068,
					"end":	4.000119,
					"seconds":	1.0000510215759277,
					"bytes":	12500584,
					"bits_per_second":	99999569.8643534,
					"packets":	8633,
					"omitted":	false,
					"sender":	true
				}],
			"sum":	{
				"start":	3.000068,
				"end":	4.000119,
				"seconds":	1.0000510215759277,
				"bytes":	12500584,
				"bits_per_second":	99999569.8643534,
				"packets":	8633,
				"omitted":	false,
				"sender":	true
			}
		}, {
			"streams":	[{
					"socket":	7,
					"start":	4.000119,
					"end":	5.003054,
					"seconds":	1.00293505191803,
					"bytes":	12536784,
					"bits_per_second":	100000764.56416151,
					"packets":	8658,
					"omitted":	false,
					"sender":	true
				}],
			"sum":	{
				"start":	4.000119,
				"end":	5.003054,
				"seconds":	1.00293505191803,
				"bytes":	12536784,
				"bits_per_second":	100000764.56416151,
				"packets":	8658,
				"omitted":	false,
				"sender":	true
			}
		}, {
			"streams":	[{
					"socket":	7,
					"start":	5.003054,
					"end":	6.003241,
					"seconds":	1.0001870393753052,
					"bytes":	12502032,
					"bits_per_second":	99997552.520244569,
					"packets":	8634,
					"omitted":	false,
					"sender":	true
				}],
			"sum":	{
				"start":	5.003054,
				"end":	6.003241,
				"seconds":	1.0001870393753052,
				"bytes":	12502032,
				"bits_per_second":	99997552.520244569,
				"packets":	8634,
				"omitted":	false,
				"sender":	true
			}
		}, {
			"streams":	[{
					"socket":	7,
					"start":	6.003241,
					"end":	7.000621,
					"seconds":	0.997380018234253,
					"bytes":	12467280,
					"bits_per_second":	100000238.80223221,
					"packets":	8610,
					"omitted":	false,
					"sender":	true
				}],
			"sum":	{
				"start":	6.003241,
				"end":	7.000621,
				"seconds":	0.997380018234253,
				"bytes":	12467280,
				"bits_per_second":	100000238.80223221,
				"packets":	8610,
				"omitted":	false,
				"sender":	true
			}
		}, {
			"streams":	[{
					"socket":	7,
					"start":	7.000621,
					"end":	8.00007,
					"seconds":	0.99944901466369629,
					"bytes":	12493344,
					"bits_per_second":	100001851.55380937,
					"packets":	8628,
					"omitted":	false,
					"sender":	true
				}],
			"sum":	{
				"start":	7.000621,
				"end":	8.00007,
				"seconds":	0.99944901466369629,
				"bytes":	12493344,
				"bits_per_second":	100001851.55380937,
				"packets":	8628,
				"omitted":	false,
				"sender":	true
			}
		}, {
			"streams":	[{
					"socket":	7,
					"start":	8.00007,
					"end":	9.000811,
					"seconds":	1.0007410049438477,
					"bytes":	12509272,
					"bits_per_second":	100000075.44970663,
					"packets":	8639,
					"omitted":	false,
					"sender":	true
				}],
			"sum":	{
				"start":	8.00007,
				"end":	9.000811,
				"seconds":	1.0007410049438477,
				"bytes":	12509272,
				"bits_per_second":	100000075.44970663,
				"packets":	8639,
				"omitted":	false,
				"sender":	true
			}
		}, {
			"streams":	[{
					"socket":	7,
					"start":	9.000811,
					"end":	10.000397,
					"seconds":	0.99958598613739,
					"bytes":	12493344,
					"bits_per_second":	99988148.47956723,
					"packets":	8629,
					"omitted":	false,
					"sender":	true
				}],
			"sum":	{
				"start":	9.000811,
				"end":	10.000397,
				"seconds":	0.99958598613739,
				"bytes":	12493344,
				"bits_per_second":	99988148.47956723,
				"packets":	8629,
				"omitted":	false,
				"sender":	true
			}
		}, {
			"streams":	[{
					"socket":	7,
					"start":	10.000397,
					"end":	11.000328,
					"seconds":	0.99993097782135,
					"bytes":	12500584,
					"bits_per_second":	100011575.01679787,
					"packets":	8632,
					"omitted":	false,
					"sender":	true
				}],
			"sum":	{
				"start":	10.000397,
				"end":	11.000328,
				"seconds":	0.99993097782135,
				"bytes":	12500584,
				"bits_per_second":	100011575.01679787,
				"packets":	8632,
				"omitted":	false,
				"sender":	true
			}
		}, {
			"streams":	[{
					"socket":	7,
					"start":	11.000328,
					"end":	12.000361,
					"seconds":	1.0000330209732056,
					"bytes":	12499136,
					"bits_per_second":	99989786.239947736,
					"packets":	8633,
					"omitted":	false,
					"sender":	true
				}],
			"sum":	{
				"start":	11.000328,
				"end":	12.000361,
				"seconds":	1.0000330209732056,
				"bytes":	12499136,
				"bits_per_second":	99989786.239947736,
				"packets":	8633,
				"omitted":	false,
				"sender":	true
			}
		}, {
			"streams":	[{
					"socket":	7,
					"start":	12.000361,
					"end":	13.004779,
					"seconds":	1.0044180154800415,
					"bytes":	12554160,
					"bits_per_second":	99991515.93472755,
					"packets":	8670,
					"omitted":	false,
					"sender":	true
				}],
			"sum":	{
				"start":	12.000361,
				"end":	13.004779,
				"seconds":	1.0044180154800415,
				"bytes":	12554160,
				"bits_per_second":	99991515.93472755,
				"packets":	8670,
				"omitted":	false,
				"sender":	true
			}
		}, {
			"streams":	[{
					"socket":	7,
					"start":	13.004779,
					"end":	14.004399,
					"seconds":	0.999620020389557,
					"bytes":	12496240,
					"bits_per_second":	100007920.97085173,
					"packets":	8630,
					"omitted":	false,
					"sender":	true
				}],
			"sum":	{
				"start":	13.004779,
				"end":	14.004399,
				"seconds":	0.999620020389557,
				"bytes":	12496240,
				"bits_per_second":	100007920.97085173,
				"packets":	8630,
				"omitted":	false,
				"sender":	true
			}
		}, {
			"streams":	[{
					"socket":	7,
					"start":	14.004399,
					"end":	15.00264,
					"seconds":	0.99824100732803345,
					"bytes":	12477416,
					"bits_per_second":	99995218.8572015,