{
	"start":	{
		"connected":	[{
				"socket":	7,
				"local_host":	"192.168.0.110",
				"local_port":	61272,
				"remote_host":	"216.218.207.42",
				"remote_port":	5201
			}],
		"version":	"iperf 3.19.1",
		"system_info":	"Darwin Kurts-MacBook-Pro.local 24.6.0 Darwin Kernel Version 24.6.0: Mon Jul 14 11:28:17 PDT 2025; root:xnu-11417.140.69~1/RELEASE_X86_64 x86_64",
		"timestamp":	{
			"time":	"Fri, 05 Sep 2025 22:27:09 UTC",
			"timesecs":	1757111229
		},
		"connecting_to":	{
			"host":	"iperf.he.net",
			"port":	5201
		},
		"cookie":	"wrutmdcrrtmrpmphfsev7nj35ykjg6smwhsh",
		"tcp_mss_default":	1448,
		"target_bitrate":	0,
		"fq_rate":	0,
		"sock_bufsize":	0,
		"sndbuf_actual":	131072,
		"rcvbuf_actual":	131072,
		"test_start":	{
			"protocol":	"TCP",
			"num_streams":	1,
			"blksize":	131072,
			"omit":	0,
			"duration":	30,
			"bytes":	0,
			"blocks":	0,
			"reverse":	1,
			"tos":	0,
			"target_bitrate":	0,
			"bidir":	0,
			"fqrate":	0,
			"interval":	1
		}
	},
	"intervals":	[{
			"streams":	[{
					"socket":	7,
					"start":	0,
					"end":	1.003431,
					"seconds":	1.003430962562561,
					"bytes":	13238272,
					"bits_per_second":	105544058.28731546,
					"omitted":	false,
					"sender":	false
				}],
			"sum":	{
				"start":	0,
				"end":	1.003431,
				"seconds":	1.003430962562561,
				"bytes":	13238272,
				"bits_per_second":	105544058.28731546,
				"omitted":	false,
				"sender":	false
			}
		}, {
			"streams":	[{
					"socket":	7,
					"start":	1.003431,
					"end":	2.002294,
					"seconds":	0.99886298179626465,
					"bytes":	13762560,
					"bits_per_second":	110225808.75107142,
					"omitted":	false,
					"sender":	false
				}],
			"sum":	{
				"start":	1.003431,
				"end":	2.002294,
				"seconds":	0.99886298179626465,
				"bytes":	13762560,
				"bits_per_second":	110225808.75107142,
				"omitted":	false,
				"sender":	false
			}
		}, {
			"streams":	[{
					"socket":	7,
					"start":	2.002294,
					"end":	3.005101,
					"seconds":	1.0028070211410522,
					"bytes":	19791872,
					"bits_per_second":	157891770.46231413,
					"omitted":	false,
					"sender":	false
				}],
			"sum":	{
				"start":	2.002294,
				"end":	3.005101,
				"seconds":	1.0028070211410522,
				"bytes":	19791872,
				"bits_per_second":	157891770.46231413,
				"omitted":	false,
				"sender":	false
			}
		}, {
			"streams":	[{
					"socket":	7,
					"start":	3.005101,
					"end":	4.000758,
					"seconds":	0.99565702676773071,
					"bytes":	19398656,
					"bits_per_second":	155866170.60676149,
					"omitted":	false,
					"sender":	false
				}],
			"sum":	{
				"start":	3.005101,
				"end":	4.000758,
				"seconds":	0.99565702676773071,
				"bytes":	19398656,
				"bits_per_second":	155866170.60676149,
				"omitted":	false,
				"sender":	false
			}
		}, {
			"streams":	[{
					"socket":	7,
					"start":	4.000758,
					"end":	5.005093,
					"seconds":	1.0043350458145142,
					"bytes":	18874368,
					"bits_per_second":	150343199.34294769,
					"omitted":	false,
					"sender":	false
				}],
			"sum":	{
				"start":	4.000758,
				"end":	5.005093,
				"seconds":	1.0043350458145142,
				"bytes":	18874368,
				"bits_per_second":	150343199.34294769,
				"omitted":	false,
				"sender":	false
			}
		}, {
			"streams":	[{
					"socket":	7,
					"start":	5.005093,
					"end":	6.005097,
					"seconds":	1.0000040531158447,
					"bytes":	18612224,
					"bits_per_second":	148897188.50244606,
					"omitted":	false,
					"sender":	false
				}],
			"sum":	{
				"start":	5.005093,
				"end":	6.005097,
				"seconds":	1.0000040531158447,
				"bytes":	18612224,
				"bits_per_second":	148897188.50244606,
				"omitted":	false,
				"sender":	false
			}
		}, {
			"streams":	[{
					"socket":	7,
					"start":	6.005097,
					"end":	7.005091,
					"seconds":	0.99999397993087769,
					"bytes":	19529728,
					"bits_per_second":	156238764.56816229,
					"omitted":	false,
					"sender":	false
				}],
			"sum":	{
				"start":	6.005097,
				"end":	7.005091,
				"seconds":	0.99999397993087769,
				"bytes":	19529728,
				"bits_per_second":	156238764.56816229,
				"omitted":	false,
				"sender":	false
			}
		}, {
			"streams":	[{
					"socket":	7,
					"start":	7.005091,
					"end":	8.003235,
					"seconds":	0.998143970966339,
					"bytes":	18350080,
					"bits_per_second":	147073612.89561966,
					"omitted":	false,
					"sender":	false
				}],
			"sum":	{
				"start":	7.005091,
				"end":	8.003235,
				"seconds":	0.998143970966339,
				"bytes":	18350080,
				"bits_per_second":	147073612.89561966,
				"omitted":	false,
				"sender":	false
			}
		}, {
			"streams":	[{
					"socket":	7,
					"start":	8.003235,
					"end":	9.005094,
					"seconds":	1.0018589496612549,
					"bytes":	17825792,
					"bits_per_second":	142341729.88943958,
					"omitted":	false,
					"sender":	false
				}],
			"sum":	{
				"start":	8.003235,
				"end":	9.005094,
				"seconds":	1.0018589496612549,
				"bytes":	17825792,
				"bits_per_second":	142341729.88943958,
				"omitted":	false,
				"sender":	false
			}
		}, {
			"streams":	[{
					"socket":	7,
					"start":	9.005094,
					"end":	10.002814,
					"seconds":	0.99772000312805176,
					"bytes":	15728640,
					"bits_per_second":	126116665.60307555,
					"omitted":	false,
					"sender":	false
				}],
			"sum":	{
				"start":	9.005094,
				"end":	10.002814,
				"seconds":	0.99772000312805176,
				"bytes":	15728640,
				"bits_per_second":	126116665.60307555,
				"omitted":	false,
				"sender":	false
			}
		}, {
			"streams":	[{
					"socket":	7,
					"start":	10.002814,
					"end":	11.000604,
					"seconds":	0.997789978981018,
					"bytes":	18219008,
					"bits_per_second":	146074892.58295387,
					"omitted":	false,
					"sender":	false
				}],
			"sum":	{
				"start":	10.002814,
				"end":	11.000604,
				"seconds":	0.997789978981018,
				"bytes":	18219008,
				"bits_per_second":	146074892.58295387,
				"omitted":	false,
				"sender":	false
			}
		}, {
			"streams":	[{
					"socket":	7,
					"start":	11.000604,
					"end":	12.003565,
					"seconds":	1.0029610395431519,
					"bytes":	17170432,
					"bits_per_second":	136957918.18849611,
					"omitted":	false,
					"sender":	false
				}],
			"sum":	{
				"start":	11.000604,
				"end":	12.003565,
				"seconds":	1.0029610395431519,
				"bytes":	17170432,
				"bits_per_second":	136957918.18849611,
				"omitted":	false,
				"sender":	false
			}
		}, {
			"streams":	[{
					"socket":	7,
					"start":	12.003565,
					"end":	13.003696,
					"seconds":	1.0001310110092163,
					"bytes":	17170432,
					"bits_per_second":	137345462.23238164,
					"omitted":	false,
					"sender":	false
				}],
			"sum":	{
				"start":	12.003565,
				"end":	13.003696,
				"seconds":	1.0001310110092163,
				"bytes":	17170432,
				"bits_per_second":	137345462.23238164,
				"omitted":	false,
				"sender":	false
			}
		}, {
			"streams":	[{
					"socket":	7,
					"start":	13.003696,
					"end":	14.002862,
					"seconds":	0.99916601181030273,
					"bytes":	16908288,
					"bits_per_second":	135379208.661154,
					"omitted":	false,
					"sender":	false
				}],
			"sum":	{
				"start":	13.003696,
				"end":	14.002862,
				"seconds":	0.99916601181030273,
				"bytes":	16908288,
				"bits_per_second":	135379208.661154,
				"omitted":	false,
				"sender":	false
			}
		}, {
			"streams":	[{
					"socket":	7,
					"start":	14.002862,
					"end":	15.005094,
					"seconds":	1.0022319555282593,
					"bytes":	16121856,
					"bits_per_second":	128687622.94854146,
					"omitted":	false,
					"sender":	false
				}],
			"sum":	{
				"start":	14.002862,
				"end":	15.005094,
				"seconds":	1.0022319555282593,
				"bytes":	16121856,
				"bits_per_second":	128687622.94854146,
				"omitted":	false,
				"sender":	false
			}
		}, {
			"streams":	[{
					"socket":	7,
					"start":	15.005094,
					"end":	16.001412,
					"seconds":	0.996317982673645,
					"bytes":	15990784,
					"bits_per_second":	128399039.48808245,
					"omitted":	false,
					"sender":	false
				}],
			"sum":	{
				"start":	15.005094,