{
	"start":	{
		"connected":	[{
				"socket":	7,
				"local_host":	"192.168.0.110",
				"local_port":	61202,
				"remote_host":	"216.218.207.42",
				"remote_port":	5201
			}],
		"version":	"iperf 3.19.1",
		"system_info":	"Darwin Kurts-MacBook-Pro.local 24.6.0 Darwin Kernel Version 24.6.0: Mon Jul 14 11:28:17 PDT 2025; root:xnu-11417.140.69~1/RELEASE_X86_64 x86_64",
		"timestamp":	{
			"time":	"Fri, 05 Sep 2025 22:21:51 UTC",
			"timesecs":	1757110911
		},
		"connecting_to":	{
			"host":	"iperf.he.net",
			"port":	5201
		},
		"cookie":	"3zqowmkgsjdgr3mmnpod3l2w26wgi5b4ejsr",
		"tcp_mss_default":	1448,
		"target_bitrate":	0,
		"fq_rate":	0,
		"sock_bufsize":	0,
		"sndbuf_actual":	131072,
		"rcvbuf_actual":	131072,
		"test_start":	{
			"protocol":	"TCP",
			"num_streams":	1,
			"blksize":	131072,
			"omit":	0,
			"duration":	30,
			"bytes":	0,
			"blocks":	0,
			"reverse":	1,
			"tos":	0,
			"target_bitrate":	0,
			"bidir":	0,
			"fqrate":	0,
			"interval":	1
		}
	},
	"intervals":	[{
			"streams":	[{
					"socket":	7,
					"start":	0,
					"end":	1.000082,
					"seconds":	1.0000820159912109,
					"bytes":	19267584,
					"bits_per_second":	154128031.03676113,
					"omitted":	false,
					"sender":	false
				}],
			"sum":	{
				"start":	0,
				"end":	1.000082,
				"seconds":	1.0000820159912109,
				"bytes":	19267584,
				"bits_per_second":	154128031.03676113,
				"omitted":	false,
				"sender":	false
			}
		}, {
			"streams":	[{
					"socket":	7,
					"start":	1.000082,
					"end":	2.00009,
					"seconds":	1.0000079870224,
					"bytes":	21889024,
					"bits_per_second":	175110793.38617077,
					"omitted":	false,
					"sender":	false
				}],
			"sum":	{
				"start":	1.000082,
				"end":	2.00009,
				"seconds":	1.0000079870224,
				"bytes":	21889024,
				"bits_per_second":	175110793.38617077,
				"omitted":	false,
				"sender":	false
			}
		}, {
			"streams":	[{
					"socket":	7,
					"start":	2.00009,
					"end":	3.004819,
					"seconds":	1.0047290325164795,
					"bytes":	21233664,
					"bits_per_second":	169069775.53394607,
					"omitted":	false,
					"sender":	false
				}],
			"sum":	{
				"start":	2.00009,
				"end":	3.004819,
				"seconds":	1.0047290325164795,
				"bytes":	21233664,
				"bits_per_second":	169069775.53394607,
				"omitted":	false,
				"sender":	false
			}
		}, {
			"streams":	[{
					"socket":	7,
					"start":	3.004819,
					"end":	4.000094,
					"seconds":	0.99527502059936523,
					"bytes":	22544384,
					"bits_per_second":	181211291.62006724,
					"omitted":	false,
					"sender":	false
				}],
			"sum":	{
				"start":	3.004819,
				"end":	4.000094,
				"seconds":	0.99527502059936523,
				"bytes":	22544384,
				"bits_per_second":	181211291.62006724,
				"omitted":	false,
				"sender":	false
			}
		}, {
			"streams":	[{
					"socket":	7,
					"start":	4.000094,
					"end":	5.000312,
					"seconds":	1.0002180337905884,
					"bytes":	21626880,
					"bits_per_second":	172977325.098123,
					"omitted":	false,
					"sender":	false
				}],
			"sum":	{
				"start":	4.000094,
				"end":	5.000312,
				"seconds":	1.0002180337905884,
				"bytes":	21626880,
				"bits_per_second":	172977325.098123,
				"omitted":	false,
				"sender":	false
			}
		}, {
			"streams":	[{
					"socket":	7,
					"start":	5.000312,
					"end":	6.000169,
					"seconds":	0.999857008457184,
					"bytes":	20840448,
					"bits_per_second":	166747427.47191483,
					"omitted":	false,
					"sender":	false
				}],
			"sum":	{
				"start":	5.000312,
				"end":	6.000169,
				"seconds":	0.999857008457184,
				"bytes":	20840448,
				"bits_per_second":	166747427.47191483,
				"omitted":	false,
				"sender":	false
			}
		}, {
			"streams":	[{
					"socket":	7,
					"start":	6.000169,
					"end":	7.000198,
					"seconds":	1.0000289678573608,
					"bytes":	19398656,
					"bits_per_second":	155184752.63022122,
					"omitted":	false,
					"sender":	false
				}],
			"sum":	{
				"start":	6.000169,
				"end":	7.000198,
				"seconds":	1.0000289678573608,
				"bytes":	19398656,
				"bits_per_second":	155184752.63022122,
				"omitted":	false,
				"sender":	false
			}
		}, {
			"streams":	[{
					"socket":	7,
					"start":	7.000198,
					"end":	8.000205,
					"seconds":	1.0000070333480835,
					"bytes":	19660800,
					"bits_per_second":	157285293.75778058,
					"omitted":	false,
					"sender":	false
				}],
			"sum":	{
				"start":	7.000198,
				"end":	8.000205,
				"seconds":	1.0000070333480835,
				"bytes":	19660800,
				"bits_per_second":	157285293.75778058,
				"omitted":	false,
				"sender":	false
			}
		}, {
			"streams":	[{
					"socket":	7,
					"start":	8.000205,
					"end":	9.000588,
					"seconds":	1.0003830194473267,
					"bytes":	20971520,
					"bits_per_second":	167707924.6034061,
					"omitted":	false,
					"sender":	false
				}],
			"sum":	{
				"start":	8.000205,
				"end":	9.000588,
				"seconds":	1.0003830194473267,
				"bytes":	20971520,
				"bits_per_second":	167707924.6034061,
				"omitted":	false,
				"sender":	false
			}
		}, {
			"streams":	[{
					"socket":	7,
					"start":	9.000588,
					"end":	10.000549,
					"seconds":	0.999961018562317,
					"bytes":	19005440,
					"bits_per_second":	152049447.10604712,
					"omitted":	false,
					"sender":	false
				}],
			"sum":	{
				"start":	9.000588,
				"end":	10.000549,
				"seconds":	0.999961018562317,
				"bytes":	19005440,
				"bits_per_second":	152049447.10604712,
				"omitted":	false,
				"sender":	false
			}
		}, {
			"streams":	[{
					"socket":	7,
					"start":	10.000549,
					"end":	11.001839,
					"seconds":	1.001289963722229,
					"bytes":	21495808,
					"bits_per_second":	171744919.28464565,
					"omitted":	false,
					"sender":	false
				}],
			"sum":	{
				"start":	10.000549,
				"end":	11.001839,
				"seconds":	1.001289963722229,
				"bytes":	21495808,
				"bits_per_second":	171744919.28464565,
				"omitted":	false,
				"sender":	false
			}
		}, {
			"streams":	[{
					"socket":	7,
					"start":	11.001839,
					"end":	12.004495,
					"seconds":	1.0026559829711914,
					"bytes":	20709376,
					"bits_per_second":	165236143.6163297,
					"omitted":	false,
					"sender":	false
				}],
			"sum":	{
				"start":	11.001839,
				"end":	12.004495,
				"seconds":	1.0026559829711914,
				"bytes":	20709376,
				"bits_per_second":	165236143.6163297,
				"omitted":	false,
				"sender":	false
			}
		}, {
			"streams":	[{
					"socket":	7,
					"start":	12.004495,
					"end":	13.001966,
					"seconds":	0.99747097492218018,
					"bytes":	19398656,
					"bits_per_second":	155582720.60207808,
					"omitted":	false,
					"sender":	false
				}],
			"sum":	{
				"start":	12.004495,
				"end":	13.001966,
				"seconds":	0.99747097492218018,
				"bytes":	19398656,
				"bits_per_second":	155582720.60207808,
				"omitted":	false,
				"sender":	false
			}
		}, {
			"streams":	[{
					"socket":	7,
					"start":	13.001966,
					"end":	14.001479,
					"seconds":	0.99951297044754028,
					"bytes":	20316160,
					"bits_per_second":	162608475.13287011,
					"omitted":	false,
					"sender":	false
				}],
			"sum":	{
				"start":	13.001966,
				"end":	14.001479,
				"seconds":	0.99951297044754028,
				"bytes":	20316160,
				"bits_per_second":	162608475.13287011,
				"omitted":	false,
				"sender":	false
			}
		}, {
			"streams":	[{
					"socket":	7,
					"start":	14.001479,
					"end":	15.0049,
					"seconds":	1.0034209489822388,
					"bytes":	19660800,
					"bits_per_second":	156750165.68025038,
					"omitted":	false,
					"sender":	false
				}],
			"sum":	{
				"start":	14.001479,
				"end":	15.0049,
				"seconds":	1.0034209489822388,
				"bytes":	19660800,
				"bits_per_second":	156750165.68025038,
				"omitted":	false,
				"sender":	false
			}
		}, {
			"streams":	[{
					"socket":	7,
					"start":	15.0049,
					"end":	16.003308,
					"seconds":	0.998408019542694,
					"bytes":	19005440,
					"bits_per_second":	152285956.26629809,
					"omitted":	false,
					"sender":	false
				}],
			"sum":	{
				"start":	15.0049,
				"end":	16.003308,