{
	"start":	{
		"connected":	[{
				"socket":	7,
				"local_host":	"192.168.0.110",
				"local_port":	61211,
				"remote_host":	"216.218.207.42",
				"remote_port":	5201
			}],
		"version":	"iperf 3.19.1",
		"system_info":	"Darwin Kurts-MacBook-Pro.local 24.6.0 Darwin Kernel Version 24.6.0: Mon Jul 14 11:28:17 PDT 2025; root:xnu-11417.140.69~1/RELEASE_X86_64 x86_64",
		"timestamp":	{
			"time":	"Fri, 05 Sep 2025 22:22:22 UTC",
			"timesecs":	1757110942
		},
		"connecting_to":	{
			"host":	"iperf.he.net",
			"port":	5201
		},
		"cookie":	"cmcgyv63pmylppdm3m7cxdb7emxxsdrcai5v",
		"tcp_mss_default":	1448,
		"target_bitrate":	0,
		"fq_rate":	0,
		"sock_bufsize":	0,
		"sndbuf_actual":	131072,
		"rcvbuf_actual":	131072,
		"test_start":	{
			"protocol":	"TCP",
			"num_streams":	1,
			"blksize":	131072,
			"omit":	0,
			"duration":	30,
			"bytes":	0,
			"blocks":	0,
			"reverse":	0,
			"tos":	0,
			"target_bitrate":	0,
			"bidir":	0,
			"fqrate":	0,
			"interval":	1
		}
	},
	"intervals":	[{
			"streams":	[{
					"socket":	7,
					"start":	0,
					"end":	1.004025,
					"seconds":	1.0040249824523926,
					"bytes":	2359296,
					"bits_per_second":	18798703.5480912,
					"omitted":	false,
					"sender":	true
				}],
			"sum":	{
				"start":	0,
				"end":	1.004025,
				"seconds":	1.0040249824523926,
				"bytes":	2359296,
				"bits_per_second":	18798703.5480912,
				"omitted":	false,
				"sender":	true
			}
		}, {
			"streams":	[{
					"socket":	7,
					"start":	1.004025,
					"end":	2.003896,
					"seconds":	0.999871015548706,
					"bytes":	2621440,
					"bits_per_second":	20974225.34894795,
					"omitted":	false,
					"sender":	true
				}],
			"sum":	{
				"start":	1.004025,
				"end":	2.003896,
				"seconds":	0.999871015548706,
				"bytes":	2621440,
				"bits_per_second":	20974225.34894795,
				"omitted":	false,
				"sender":	true
			}
		}, {
			"streams":	[{
					"socket":	7,
					"start":	2.003896,
					"end":	3.003287,
					"seconds":	0.99939101934433,
					"bytes":	5242880,
					"bits_per_second":	41968598.0643668,
					"omitted":	false,
					"sender":	true
				}],
			"sum":	{
				"start":	2.003896,
				"end":	3.003287,
				"seconds":	0.99939101934433,
				"bytes":	5242880,
				"bits_per_second":	41968598.0643668,
				"omitted":	false,
				"sender":	true
			}
		}, {
			"streams":	[{
					"socket":	7,
					"start":	3.003287,
					"end":	4.000579,
					"seconds":	0.99729198217391968,
					"bytes":	5373952,
					"bits_per_second":	43108354.191603847,
					"omitted":	false,
					"sender":	true
				}],
			"sum":	{
				"start":	3.003287,
				"end":	4.000579,
				"seconds":	0.99729198217391968,
				"bytes":	5373952,
				"bits_per_second":	43108354.191603847,
				"omitted":	false,
				"sender":	true
			}
		}, {
			"streams":	[{
					"socket":	7,
					"start":	4.000579,
					"end":	5.004204,
					"seconds":	1.00362503528595,
					"bytes":	5242880,
					"bits_per_second":	41791544.1777015,
					"omitted":	false,
					"sender":	true
				}],
			"sum":	{
				"start":	4.000579,
				"end":	5.004204,
				"seconds":	1.00362503528595,
				"bytes":	5242880,
				"bits_per_second":	41791544.1777015,
				"omitted":	false,
				"sender":	true
			}
		}, {
			"streams":	[{
					"socket":	7,
					"start":	5.004204,
					"end":	6.003864,
					"seconds":	0.99966001510620117,
					"bytes":	5242880,
					"bits_per_second":	41957304.849833459,
					"omitted":	false,
					"sender":	true
				}],
			"sum":	{
				"start":	5.004204,
				"end":	6.003864,
				"seconds":	0.99966001510620117,
				"bytes":	5242880,
				"bits_per_second":	41957304.849833459,
				"omitted":	false,
				"sender":	true
			}
		}, {
			"streams":	[{
					"socket":	7,
					"start":	6.003864,
					"end":	7.00388,
					"seconds":	1.0000159740448,
					"bytes":	5242880,
					"bits_per_second":	41942370.010702439,
					"omitted":	false,
					"sender":	true
				}],
			"sum":	{
				"start":	6.003864,
				"end":	7.00388,
				"seconds":	1.0000159740448,
				"bytes":	5242880,
				"bits_per_second":	41942370.010702439,
				"omitted":	false,
				"sender":	true
			}
		}, {
			"streams":	[{
					"socket":	7,
					"start":	7.00388,
					"end":	8.004262,
					"seconds":	1.0003819465637207,
					"bytes":	5242880,
					"bits_per_second":	41927026.1164478,
					"omitted":	false,
					"sender":	true
				}],
			"sum":	{
				"start":	7.00388,
				"end":	8.004262,
				"seconds":	1.0003819465637207,
				"bytes":	5242880,
				"bits_per_second":	41927026.1164478,
				"omitted":	false,
				"sender":	true
			}
		}, {
			"streams":	[{
					"socket":	7,
					"start":	8.004262,
					"end":	9.003993,
					"seconds":	0.99973100423812866,
					"bytes":	5111808,
					"bits_per_second":	40905467.397367261,
					"omitted":	false,
					"sender":	true
				}],
			"sum":	{
				"start":	8.004262,
				"end":	9.003993,
				"seconds":	0.99973100423812866,
				"bytes":	5111808,
				"bits_per_second":	40905467.397367261,
				"omitted":	false,
				"sender":	true
			}
		}, {
			"streams":	[{
					"socket":	7,
					"start":	9.003993,
					"end":	10.001822,
					"seconds":	0.997829020023346,
					"bytes":	5242880,
					"bits_per_second":	42034295.614111,
					"omitted":	false,
					"sender":	true
				}],
			"sum":	{
				"start":	9.003993,
				"end":	10.001822,
				"seconds":	0.997829020023346,
				"bytes":	5242880,
				"bits_per_second":	42034295.614111,
				"omitted":	false,
				"sender":	true
			}
		}, {
			"streams":	[{
					"socket":	7,
					"start":	10.001822,
					"end":	11.003199,
					"seconds":	1.0013769865036011,
					"bytes":	5242880,
					"bits_per_second":	41885364.418497317,
					"omitted":	false,
					"sender":	true
				}],
			"sum":	{
				"start":	10.001822,
				"end":	11.003199,
				"seconds":	1.0013769865036011,
				"bytes":	5242880,
				"bits_per_second":	41885364.418497317,
				"omitted":	false,
				"sender":	true
			}
		}, {
			"streams":	[{
					"socket":	7,
					"start":	11.003199,
					"end":	12.0031,
					"seconds":	0.999900996685028,
					"bytes":	5242880,
					"bits_per_second":	41947192.911151968,
					"omitted":	false,
					"sender":	true
				}],
			"sum":	{
				"start":	11.003199,
				"end":	12.0031,
				"seconds":	0.999900996685028,
				"bytes":	5242880,
				"bits_per_second":	41947192.911151968,
				"omitted":	false,
				"sender":	true
			}
		}, {
			"streams":	[{
					"socket":	7,
					"start":	12.0031,
					"end":	13.003421,
					"seconds":	1.00032103061676,
					"bytes":	5242880,
					"bits_per_second":	41929579.321289986,
					"omitted":	false,
					"sender":	true
				}],
			"sum":	{
				"start":	12.0031,
				"end":	13.003421,
				"seconds":	1.00032103061676,
				"bytes":	5242880,
				"bits_per_second":	41929579.321289986,
				"omitted":	false,
				"sender":	true
			}
		}, {
			"streams":	[{
					"socket":	7,
					"start":	13.003421,
					"end":	14.003216,
					"seconds":	0.99979501962661743,
					"bytes":	5111808,
					"bits_per_second":	40902848.281113073,
					"omitted":	false,
					"sender":	true
				}],
			"sum":	{
				"start":	13.003421,
				"end":	14.003216,
				"seconds":	0.99979501962661743,
				"bytes":	5111808,
				"bits_per_second":	40902848.281113073,
				"omitted":	false,
				"sender":	true
			}
		}, {
			"streams":	[{
					"socket":	7,
					"start":	14.003216,
					"end":	15.00063,
					"seconds":	0.997413992881775,
					"bytes":	5111808,
					"bits_per_second":	41000491.563032731,
					"omitted":	false,
					"sender":	true
				}],
			"sum":	{
				"start":	14.003216,
				"end":	15.00063,
				"seconds":	0.997413992881775,
				"bytes":	5111808,
				"bits_per_second":	41000491.563032731,
				"omitted":	false,
				"sender":	true
			}
		}, {
			"streams":	[{
					"socket":	7,
					"start":	15.00063,
					"end":	16.004218,
					"seconds":	1.0035879611968994,
					"bytes":	5242880,
					"bits_per_second":	41793088.0218789,
					"omitted":	false,
					"sender":	true
				}],
			"sum":	{
				"start":	15.00063,
				"end":	16.004218,
				"seconds":	1.0035879611968994,
				"bytes":	5242880,
				"bits_per_second":	41793088.0218789,