{
	"start":	{
		"connected":	[{
				"socket":	7,
				"local_host":	"2605:59c8:1c00:b275:1c11:a0d8:609f:f1f1",
				"local_port":	58845,
				"remote_host":	"2001:470:0:236::2",
				"remote_port":	5201
			}],
		"version":	"iperf 3.19.1",
		"system_info":	"Darwin Kurts-MacBook-Pro.local 24.6.0 Darwin Kernel Version 24.6.0: Mon Jul 14 11:28:17 PDT 2025; root:xnu-11417.140.69~1/RELEASE_X86_64 x86_64",
		"timestamp":	{
			"time":	"Fri, 05 Sep 2025 20:05:12 UTC",
			"timesecs":	1757102712
		},
		"connecting_to":	{
			"host":	"iperf.he.net",
			"port":	5201
		},
		"cookie":	"xnyqmp6eagwemlh5rq3l74pgn3ryzqxsw7fa",
		"tcp_mss_default":	1428,
		"target_bitrate":	0,
		"fq_rate":	0,
		"sock_bufsize":	0,
		"sndbuf_actual":	131072,
		"rcvbuf_actual":	131072,
		"test_start":	{
			"protocol":	"TCP",
			"num_streams":	1,
			"blksize":	131072,
			"omit":	0,
			"duration":	30,
			"bytes":	0,
			"blocks":	0,
			"reverse":	1,
			"tos":	0,
			"target_bitrate":	0,
			"bidir":	0,
			"fqrate":	0,
			"interval":	1
		}
	},
	"intervals":	[{
			"streams":	[{
					"socket":	7,
					"start":	0,
					"end":	1.002642,
					"seconds":	1.002642035484314,
					"bytes":	4849664,
					"bits_per_second":	38695078.230247378,
					"omitted":	false,
					"sender":	false
				}],
			"sum":	{
				"start":	0,
				"end":	1.002642,
				"seconds":	1.002642035484314,
				"bytes":	4849664,
				"bits_per_second":	38695078.230247378,
				"omitted":	false,
				"sender":	false
			}
		}, {
			"streams":	[{
					"socket":	7,
					"start":	1.002642,
					"end":	2.00013,
					"seconds":	0.997488021850586,
					"bytes":	5636096,
					"bits_per_second":	45202315.228156053,
					"omitted":	false,
					"sender":	false
				}],
			"sum":	{
				"start":	1.002642,
				"end":	2.00013,
				"seconds":	0.997488021850586,
				"bytes":	5636096,
				"bits_per_second":	45202315.228156053,
				"omitted":	false,
				"sender":	false
			}
		}, {
			"streams":	[{
					"socket":	7,
					"start":	2.00013,
					"end":	3.002384,
					"seconds":	1.0022540092468262,
					"bytes":	2883584,
					"bits_per_second":	23016791.938139159,
					"omitted":	false,
					"sender":	false
				}],
			"sum":	{
				"start":	2.00013,
				"end":	3.002384,
				"seconds":	1.0022540092468262,
				"bytes":	2883584,
				"bits_per_second":	23016791.938139159,
				"omitted":	false,
				"sender":	false
			}
		}, {
			"streams":	[{
					"socket":	7,
					"start":	3.002384,
					"end":	4.000141,
					"seconds":	0.99775701761245728,
					"bytes":	2752512,
					"bits_per_second":	22069597.718983833,
					"omitted":	false,
					"sender":	false
				}],
			"sum":	{
				"start":	3.002384,
				"end":	4.000141,
				"seconds":	0.99775701761245728,
				"bytes":	2752512,
				"bits_per_second":	22069597.718983833,
				"omitted":	false,
				"sender":	false
			}
		}, {
			"streams":	[{
					"socket":	7,
					"start":	4.000141,
					"end":	5.002613,
					"seconds":	1.0024720430374146,
					"bytes":	2490368,
					"bits_per_second":	19873815.0738199,
					"omitted":	false,
					"sender":	false
				}],
			"sum":	{
				"start":	4.000141,
				"end":	5.002613,
				"seconds":	1.0024720430374146,
				"bytes":	2490368,
				"bits_per_second":	19873815.0738199,
				"omitted":	false,
				"sender":	false
			}
		}, {
			"streams":	[{
					"socket":	7,
					"start":	5.002613,
					"end":	6.004459,
					"seconds":	1.0018459558486938,
					"bytes":	2359296,
					"bits_per_second":	18839590.946904562,
					"omitted":	false,
					"sender":	false
				}],
			"sum":	{
				"start":	5.002613,
				"end":	6.004459,
				"seconds":	1.0018459558486938,
				"bytes":	2359296,
				"bits_per_second":	18839590.946904562,
				"omitted":	false,
				"sender":	false
			}
		}, {
			"streams":	[{
					"socket":	7,
					"start":	6.004459,
					"end":	7.003124,
					"seconds":	0.9986649751663208,
					"bytes":	2883584,
					"bits_per_second":	23099510.420056608,
					"omitted":	false,
					"sender":	false
				}],
			"sum":	{
				"start":	6.004459,
				"end":	7.003124,
				"seconds":	0.9986649751663208,
				"bytes":	2883584,
				"bits_per_second":	23099510.420056608,
				"omitted":	false,
				"sender":	false
			}
		}, {
			"streams":	[{
					"socket":	7,
					"start":	7.003124,
					"end":	8.000693,
					"seconds":	0.99756902456283569,
					"bytes":	3145728,
					"bits_per_second":	25227150.583417933,
					"omitted":	false,
					"sender":	false
				}],
			"sum":	{
				"start":	7.003124,
				"end":	8.000693,
				"seconds":	0.99756902456283569,
				"bytes":	3145728,
				"bits_per_second":	25227150.583417933,
				"omitted":	false,
				"sender":	false
			}
		}, {
			"streams":	[{
					"socket":	7,
					"start":	8.000693,
					"end":	9.001546,
					"seconds":	1.0008529424667358,
					"bytes":	3145728,
					"bits_per_second":	25144377.292807337,
					"omitted":	false,
					"sender":	false
				}],
			"sum":	{
				"start":	8.000693,
				"end":	9.001546,
				"seconds":	1.0008529424667358,
				"bytes":	3145728,
				"bits_per_second":	25144377.292807337,
				"omitted":	false,
				"sender":	false
			}
		}, {
			"streams":	[{
					"socket":	7,
					"start":	9.001546,
					"end":	10.003332,
					"seconds":	1.00178599357605,
					"bytes":	3407872,
					"bits_per_second":	27214371.307668269,
					"omitted":	false,
					"sender":	false
				}],
			"sum":	{
				"start":	9.001546,
				"end":	10.003332,
				"seconds":	1.00178599357605,
				"bytes":	3407872,
				"bits_per_second":	27214371.307668269,
				"omitted":	false,
				"sender":	false
			}
		}, {
			"streams":	[{
					"socket":	7,
					"start":	10.003332,
					"end":	11.001417,
					"seconds":	0.99808502197265625,
					"bytes":	2752512,
					"bits_per_second":	22062344.905726146,
					"omitted":	false,
					"sender":	false
				}],
			"sum":	{
				"start":	10.003332,
				"end":	11.001417,
				"seconds":	0.99808502197265625,
				"bytes":	2752512,
				"bits_per_second":	22062344.905726146,
				"omitted":	false,
				"sender":	false
			}
		}, {
			"streams":	[{
					"socket":	7,
					"start":	11.001417,
					"end":	12.000331,
					"seconds":	0.99891400337219238,
					"bytes":	2752512,
					"bits_per_second":	22044035.748486128,
					"omitted":	false,
					"sender":	false
				}],
			"sum":	{
				"start":	11.001417,
				"end":	12.000331,
				"seconds":	0.99891400337219238,
				"bytes":	2752512,
				"bits_per_second":	22044035.748486128,
				"omitted":	false,
				"sender":	false
			}
		}, {
			"streams":	[{
					"socket":	7,
					"start":	12.000331,
					"end":	13.002712,
					"seconds":	1.0023809671401978,
					"bytes":	3276800,
					"bits_per_second":	26152132.631558165,
					"omitted":	false,
					"sender":	false
				}],
			"sum":	{
				"start":	12.000331,
				"end":	13.002712,
				"seconds":	1.0023809671401978,
				"bytes":	3276800,
				"bits_per_second":	26152132.631558165,
				"omitted":	false,
				"sender":	false
			}
		}, {
			"streams":	[{
					"socket":	7,
					"start":	13.002712,
					"end":	14.000356,
					"seconds":	0.997644007205963,
					"bytes":	3538944,
					"bits_per_second":	28378411.332605835,
					"omitted":	false,
					"sender":	false
				}],
			"sum":	{
				"start":	13.002712,
				"end":	14.000356,
				"seconds":	0.997644007205963,
				"bytes":	3538944,
				"bits_per_second":	28378411.332605835,
				"omitted":	false,
				"sender":	false
			}
		}, {
			"streams":	[{
					"socket":	7,
					"start":	14.000356,
					"end":	15.000029,
					"seconds":	0.99967300891876221,
					"bytes":	3276800,
					"bits_per_second":	26222974.678843506,
					"omitted":	false,
					"sender":	false
				}],
			"sum":	{
				"start":	14.000356,
				"end":	15.000029,
				"seconds":	0.99967300891876221,
				"bytes":	3276800,
				"bits_per_second":	26222974.678843506,
				"omitted":	false,
				"sender":	false
			}
		}, {
			"streams":	[{
					"socket":	7,
					"start":	15.000029,
					"end":	16.00126,
					"seconds":	1.0012309551239014,
					"bytes":	3407872,
					"bits_per_second":	27229457.759449948,
					"omitted":	false,
					"sender":	false
				}],
			"sum":	{
				"start":	15.000029,