{
	"start":	{
		"connected":	[{
				"socket":	7,
				"local_host":	"2605:59c8:1c00:b275:d826:ce44:cfaf:6993",
				"local_port":	60225,
				"remote_host":	"2001:470:0:236::2",
				"remote_port":	5201
			}],
		"version":	"iperf 3.19.1",
		"system_info":	"Darwin Kurts-MacBook-Pro.local 24.6.0 Darwin Kernel Version 24.6.0: Mon Jul 14 11:28:17 PDT 2025; root:xnu-11417.140.69~1/RELEASE_X86_64 x86_64",
		"timestamp":	{
			"time":	"Fri, 05 Sep 2025 21:35:59 UTC",
			"timesecs":	1757108159
		},
		"connecting_to":	{
			"host":	"iperf.he.net",
			"port":	5201
		},
		"cookie":	"ac6radbfosqhhcklq3cr3jziu4hcdpmjabk7",
		"tcp_mss_default":	1428,
		"target_bitrate":	0,
		"fq_rate":	0,
		"sock_bufsize":	0,
		"sndbuf_actual":	131072,
		"rcvbuf_actual":	131072,
		"test_start":	{
			"protocol":	"TCP",
			"num_streams":	1,
			"blksize":	131072,
			"omit":	0,
			"duration":	30,
			"bytes":	0,
			"blocks":	0,
			"reverse":	1,
			"tos":	0,
			"target_bitrate":	0,
			"bidir":	0,
			"fqrate":	0,
			"interval":	1
		}
	},
	"intervals":	[{
			"streams":	[{
					"socket":	7,
					"start":	0,
					"end":	1.001434,
					"seconds":	1.0014339685440063,
					"bytes":	3276800,
					"bits_per_second":	26176863.201588165,
					"omitted":	false,
					"sender":	false
				}],
			"sum":	{
				"start":	0,
				"end":	1.001434,
				"seconds":	1.0014339685440063,
				"bytes":	3276800,
				"bits_per_second":	26176863.201588165,
				"omitted":	false,
				"sender":	false
			}
		}, {
			"streams":	[{
					"socket":	7,
					"start":	1.001434,
					"end":	2.003343,
					"seconds":	1.0019090175628662,
					"bytes":	6422528,
					"bits_per_second":	51282325.1406419,
					"omitted":	false,
					"sender":	false
				}],
			"sum":	{
				"start":	1.001434,
				"end":	2.003343,
				"seconds":	1.0019090175628662,
				"bytes":	6422528,
				"bits_per_second":	51282325.1406419,
				"omitted":	false,
				"sender":	false
			}
		}, {
			"streams":	[{
					"socket":	7,
					"start":	2.003343,
					"end":	3.003743,
					"seconds":	1.0003999471664429,
					"bytes":	4980736,
					"bits_per_second":	39829958.121109925,
					"omitted":	false,
					"sender":	false
				}],
			"sum":	{
				"start":	2.003343,
				"end":	3.003743,
				"seconds":	1.0003999471664429,
				"bytes":	4980736,
				"bits_per_second":	39829958.121109925,
				"omitted":	false,
				"sender":	false
			}
		}, {
			"streams":	[{
					"socket":	7,
					"start":	3.003743,
					"end":	4.003641,
					"seconds":	0.99989801645278931,
					"bytes":	3932160,
					"bits_per_second":	31460488.452209339,
					"omitted":	false,
					"sender":	false
				}],
			"sum":	{
				"start":	3.003743,
				"end":	4.003641,
				"seconds":	0.99989801645278931,
				"bytes":	3932160,
				"bits_per_second":	31460488.452209339,
				"omitted":	false,
				"sender":	false
			}
		}, {
			"streams":	[{
					"socket":	7,
					"start":	4.003641,
					"end":	5.002767,
					"seconds":	0.99912601709365845,
					"bytes":	4849664,
					"bits_per_second":	38831249.848599553,
					"omitted":	false,
					"sender":	false
				}],
			"sum":	{
				"start":	4.003641,
				"end":	5.002767,
				"seconds":	0.99912601709365845,
				"bytes":	4849664,
				"bits_per_second":	38831249.848599553,
				"omitted":	false,
				"sender":	false
			}
		}, {
			"streams":	[{
					"socket":	7,
					"start":	5.002767,
					"end":	6.002945,
					"seconds":	1.0001779794692993,
					"bytes":	3670016,
					"bits_per_second":	29354903.429866221,
					"omitted":	false,
					"sender":	false
				}],
			"sum":	{
				"start":	5.002767,
				"end":	6.002945,
				"seconds":	1.0001779794692993,
				"bytes":	3670016,
				"bits_per_second":	29354903.429866221,
				"omitted":	false,
				"sender":	false
			}
		}, {
			"streams":	[{
					"socket":	7,
					"start":	6.002945,
					"end":	7.00167,
					"seconds":	0.99872499704360962,
					"bytes":	4194304,
					"bits_per_second":	33597268.616813079,
					"omitted":	false,
					"sender":	false
				}],
			"sum":	{
				"start":	6.002945,
				"end":	7.00167,
				"seconds":	0.99872499704360962,
				"bytes":	4194304,
				"bits_per_second":	33597268.616813079,
				"omitted":	false,
				"sender":	false
			}
		}, {
			"streams":	[{
					"socket":	7,
					"start":	7.00167,
					"end":	8.001173,
					"seconds":	0.99950301647186279,
					"bytes":	4194304,
					"bits_per_second":	33571116.2918182,
					"omitted":	false,
					"sender":	false
				}],
			"sum":	{
				"start":	7.00167,
				"end":	8.001173,
				"seconds":	0.99950301647186279,
				"bytes":	4194304,
				"bits_per_second":	33571116.2918182,
				"omitted":	false,
				"sender":	false
			}
		}, {
			"streams":	[{
					"socket":	7,
					"start":	8.001173,
					"end":	9.00082,
					"seconds":	0.99964702129364,
					"bytes":	4194304,
					"bits_per_second":	33566280.182156011,
					"omitted":	false,
					"sender":	false
				}],
			"sum":	{
				"start":	8.001173,
				"end":	9.00082,
				"seconds":	0.99964702129364,
				"bytes":	4194304,
				"bits_per_second":	33566280.182156011,
				"omitted":	false,
				"sender":	false
			}
		}, {
			"streams":	[{
					"socket":	7,
					"start":	9.00082,
					"end":	10.003632,
					"seconds":	1.0028120279312134,
					"bytes":	4980736,
					"bits_per_second":	39734154.447869442,
					"omitted":	false,
					"sender":	false
				}],
			"sum":	{
				"start":	9.00082,
				"end":	10.003632,
				"seconds":	1.0028120279312134,
				"bytes":	4980736,
				"bits_per_second":	39734154.447869442,
				"omitted":	false,
				"sender":	false
			}
		}, {
			"streams":	[{
					"socket":	7,
					"start":	10.003632,
					"end":	11.003025,
					"seconds":	0.99939298629760742,
					"bytes":	4587520,
					"bits_per_second":	36722451.03096123,
					"omitted":	false,
					"sender":	false
				}],
			"sum":	{
				"start":	10.003632,
				"end":	11.003025,
				"seconds":	0.99939298629760742,
				"bytes":	4587520,
				"bits_per_second":	36722451.03096123,
				"omitted":	false,
				"sender":	false
			}
		}, {
			"streams":	[{
					"socket":	7,
					"start":	11.003025,
					"end":	12.000469,
					"seconds":	0.997443974018097,
					"bytes":	4456448,
					"bits_per_second":	35742943.893260881,
					"omitted":	false,
					"sender":	false
				}],
			"sum":	{
				"start":	11.003025,
				"end":	12.000469,
				"seconds":	0.997443974018097,
				"bytes":	4456448,
				"bits_per_second":	35742943.893260881,
				"omitted":	false,
				"sender":	false
			}
		}, {
			"streams":	[{
					"socket":	7,
					"start":	12.000469,
					"end":	13.002715,
					"seconds":	1.0022460222244263,
					"bytes":	3538944,
					"bits_per_second":	28248106.125843406,
					"omitted":	false,
					"sender":	false
				}],
			"sum":	{
				"start":	12.000469,
				"end":	13.002715,
				"seconds":	1.0022460222244263,
				"bytes":	3538944,
				"bits_per_second":	28248106.125843406,
				"omitted":	false,
				"sender":	false
			}
		}, {
			"streams":	[{
					"socket":	7,
					"start":	13.002715,
					"end":	14.001444,
					"seconds":	0.99872899055480957,
					"bytes":	5636096,
					"bits_per_second":	45146149.18202433,
					"omitted":	false,
					"sender":	false
				}],
			"sum":	{
				"start":	13.002715,
				"end":	14.001444,
				"seconds":	0.99872899055480957,
				"bytes":	5636096,
				"bits_per_second":	45146149.18202433,
				"omitted":	false,
				"sender":	false
			}
		}, {
			"streams":	[{
					"socket":	7,
					"start":	14.001444,
					"end":	15.004785,
					"seconds":	1.00334095954895,
					"bytes":	6160384,
					"bits_per_second":	49118967.516441368,
					"omitted":	false,
					"sender":	false
				}],
			"sum":	{
				"start":	14.001444,
				"end":	15.004785,
				"seconds":	1.00334095954895,
				"bytes":	6160384,
				"bits_per_second":	49118967.516441368,
				"omitted":	false,
				"sender":	false
			}
		}, {
			"streams":	[{
					"socket":	7,
					"start":	15.004785,
					"end":	16.000196,
					"seconds":	0.995410978794098,
					"bytes":	4980736,
					"bits_per_second":	40029584.6126509,
					"omitted":	false,
					"sender":	false
				}],
			"sum":	{
				"start":	15.004785,
				"end":	16.000196,